topic 0,graduate:0.070443,faculty:0.05815,existing:0.034555,life:0.033014,improved:0.029767,food:0.027018,courses:0.02516,level:0.024578,levels:0.023599,behavioral:0.022837,predictions:0.022798,survey:0.02202,field:0.021122,plans:0.020318,vision:0.019772,images:0.019479,regions:0.018844,regional:0.018549,integrated:0.01807,appropriate:0.017441,age:0.016694,conduct:0.016353,relationships:0.015764,area:0.014265,thinking:0.013087,surveys:0.012677,collections:0.012229,terrestrial:0.01083,national:0.010565,competition:0.009998,sheet:0.009921,protection:0.009654,soils:0.009263,freshwater:0.008563,african:0.008306,advancement:0.007821,relevant:0.007674,insect:0.006999,scientist:0.006648,mexico:0.006505,societies:0.006354,geology:0.0061,gulf:0.005938,visible:0.005879,comparative:0.005814,human:0.005794,review:0.005617,setting:0.005573,geochemistry:0.005528,locally:0.005504,estimating:0.005141,histories:0.005138,series:0.004989,toxic:0.004833,population:0.004267,exchanges:0.003994,double:0.003919,tidal:0.003742,tumor:0.003663,physiology:0.003566,primary:0.003448,nevada:0.003376,socioeconomic:0.003303,settlement:0.003265,assessment:0.00319,vertebrates:0.003141,plants:0.002948,metropolitan:0.002932,sedimentary:0.002924,packages:0.002892,selectively:0.002863,geomagnetic:0.002849,company:0.002816,notions:0.002813,sources:0.002741,derived:0.002722,northeast:0.002622,upper:0.002598,stabilization:0.002495,selected:0.002411,relations:0.002381,discrimination:0.002344,far:0.002099,sierra:0.002081,montana:0.002079,zones:0.002051,stratigraphy:0.001899,limb:0.001885,topologies:0.001836,curation:0.001825,electrolytes:0.001784,geothermal:0.001765,tundra:0.001725,bats:0.001704,circadian:0.001668,equity:0.001663,sperm:0.001656,adaptations:0.001618,improvement:0.001615,testing:0.00155,fossil:0.001497,copolymer:0.001495,helical:0.001477,estuary:0.001439,developments:0.001428,areas:0.001415,invention:0.001386,polarity:0.001386,tall:0.001336,sandy:0.001237,chambers:0.001197,reserves:0.001182,unsteady:0.001094,rhythms:0.001084,prostheses:0.00106,behavior:0.000998,item:0.000994,pliocene:0.000983,verbal:0.00095,regime:0.000926,validation:0.000922,current:0.000883,woody:0.000867,mature:0.000858,petroleum:0.000855,imperfect:0.000846,slopes:0.000843,ecology:0.00083,republic:0.000828,medicinal:0.000821,secular:0.000709,schooling:0.000674,basic:0.000584,uppermost:0.000534,pakistan:0.000517,fluorinated:0.000505,lower:0.000462,photophysics:0.000447,facies:0.000431,ontogeny:0.000389,ophiolite:0.000341,philippines:0.000312,differentiating:0.0003,correlation:0.000257,dominican:0.000208,byrd:0.000189,benthos:0.000184,atomization:0.000182,thermochemistry:0.00017,calcareous:0.000153,aeroelastic:0.00015,relation:0.000136,effluents:0.000129,ethers:0.000118,spectrophotometry:9.5e-05,abnormally:9.3e-05,erythrocytes:8.7e-05,fired:8.3e-05,echolocation:5.2e-05,siliceous:4.5e-05,preservational:3.3e-05,quantitative:2.9e-05
topic 1,species:0.10652,evolution:0.041056,particles:0.035962,cloud:0.029033,particle:0.02609,constraints:0.025032,wave:0.024231,search:0.022516,hybrid:0.022199,resulting:0.022083,density:0.019759,air:0.019715,atmospheric:0.01833,classical:0.01814,size:0.017477,fluids:0.016558,mixing:0.015098,probe:0.014214,atmosphere:0.013199,tree:0.013087,conducting:0.012532,soft:0.011891,velocity:0.011016,scale:0.010335,weather:0.010331,morphology:0.009635,lives:0.009585,second:0.009544,tissues:0.009241,upper:0.00904,phylogenetic:0.008667,experiment:0.008426,distributions:0.008232,circulation:0.00781,forward:0.007768,immune:0.007667,regime:0.007627,family:0.007508,aerosol:0.007493,events:0.007474,propagation:0.006988,framework:0.006919,reproductive:0.006868,vertical:0.006855,global:0.006815,half:0.00679,color:0.006714,lasers:0.006379,body:0.006043,importance:0.005952,high:0.005883,basis:0.005686,formulation:0.005611,rare:0.005568,regimes:0.005491,mass:0.005381,gases:0.004939,currents:0.004828,mode:0.004635,temperature:0.004634,microscopic:0.004478,flow:0.004304,heat:0.00422,jet:0.004168,origin:0.004116,injury:0.004024,energetic:0.004023,infinite:0.003955,plasmas:0.003941,masses:0.003793,genus:0.00374,lower:0.003626,nonparametric:0.003432,recombination:0.003413,dense:0.003397,shell:0.003375,degree:0.00337,study:0.003364,fields:0.003304,statistics:0.003295,consensus:0.003169,light:0.002944,related:0.002912,theorems:0.002731,phase:0.002685,including:0.002656,measurement:0.002636,capacities:0.002456,systematic:0.002405,satellite:0.002351,nuclear:0.002341,filtration:0.002328,disturbances:0.002315,influence:0.002303,produced:0.002302,pressure:0.002298,eddies:0.002288,extended:0.002132,comparison:0.002125,equatorial:0.002082,current:0.002044,producing:0.002026,energetics:0.002005,cross:0.001983,moments:0.001969,h:0.001878,transitions:0.001698,exciton:0.001618,protective:0.001603,doppler:0.001505,studies:0.001502,molten:0.001483,highly:0.001451,alternating:0.001357,modification:0.001314,floats:0.001268,metastable:0.001233,inhibitors:0.001083,investigations:0.001046,argon:0.001017,juan:0.001007,bulky:0.000991,electromagnetic:0.000982,sections:0.000945,transports:0.000918,northwest:0.000813,hawaii:0.000728,multilayered:0.000708,maintenance:0.000703,viscoelasticity:0.000681,fibrous:0.000678,buoyant:0.000676,significance:0.000656,triplet:0.000627,magnetospheric:0.000604,tropical:0.000573,joint:0.000567,low:0.000563,clark:0.000555,archaic:0.000536,baroclinic:0.000533,adjacent:0.000532,colorado:0.000528,synoptic:0.000507,crabs:0.000495,tenth:0.000448,barotropic:0.000426,antigen:0.000399,observatory:0.000391,anisotropies:0.000358,reconstructing:0.000352,disposition:0.000315,aspen:0.000264,hyperfine:0.000245,hadrons:0.000242,phenocrysts:0.000239,poison:0.000233,honolulu:0.000231,phosphates:0.000227,substituent:0.00017,hymenoptera:0.000162,dissociative:0.000146,isomeric:0.000132,response:0.000131,nigeria:0.000122,neutrally:0.000121,structure:0.000104,terpenoid:0.000103,trigonometric:9.3e-05,allegheny:8.2e-05,local:7.8e-05,paleoclimates:5.5e-05,parallaxes:3e-05,recombining:1.6e-05,hermit:5e-06,velocimeter:3e-06
topic 2,physics:0.040962,dynamics:0.036367,quantum:0.031789,proposed:0.028093,flow:0.027693,developed:0.026918,pi:0.022391,magnetic:0.019863,distributed:0.019488,transport:0.019281,field:0.018871,division:0.018698,theoretical:0.017607,properties:0.015805,fluid:0.015736,hypothesis:0.015209,study:0.015052,systems:0.01448,matter:0.013538,physical:0.013228,experimental:0.013044,energy:0.012968,phenomena:0.012336,flows:0.011678,mechanics:0.011241,interactions:0.010655,heat:0.010419,award:0.010349,measurements:0.010143,liquid:0.009983,states:0.009566,interfaces:0.009443,new:0.008462,order:0.008434,numerical:0.007965,atoms:0.00791,state:0.007576,reaction:0.007346,effects:0.006811,transfer:0.006811,pressure:0.00676,computational:0.006757,nonlinear:0.006742,method:0.006643,technique:0.006523,thermal:0.00647,methods:0.006358,countries:0.006273,spin:0.006263,electrons:0.006107,diffusion:0.006091,techniques:0.005856,recent:0.005829,concentration:0.005558,studies:0.00543,metabolic:0.005259,stability:0.00508,theories:0.005065,connection:0.005009,high:0.004735,complex:0.004702,turbulent:0.004665,scattering:0.004476,shear:0.004273,low:0.004208,blood:0.004111,electrical:0.004045,behavior:0.004023,structure:0.003851,papers:0.003814,rational:0.003711,combinatorics:0.003585,porous:0.003579,simulation:0.003578,near:0.003549,effect:0.003503,transition:0.003467,solution:0.003413,detailed:0.003359,condensed:0.0033,starting:0.003223,applied:0.003154,elastic:0.003137,spectroscopic:0.003101,liquids:0.00307,convection:0.003042,role:0.003036,lattice:0.002973,bonds:0.002949,generated:0.002885,solid:0.00286,neutron:0.002825,number:0.002782,solids:0.002715,spectrometer:0.002586,providing:0.002571,islands:0.002475,bound:0.00246,investigation:0.002439,nucleation:0.002305,medium:0.002298,mixtures:0.002279,dimensional:0.002275,graduates:0.002272,plastic:0.002187,walls:0.002172,aqueous:0.002088,degrees:0.002056,linkages:0.002054,research:0.001961,convective:0.001952,plasma:0.001933,major:0.001928,point:0.001928,european:0.001916,excited:0.001893,proton:0.001828,potentials:0.001799,elementary:0.001746,solvent:0.001743,intermediates:0.001733,adsorption:0.001723,special:0.001714,precursors:0.00171,critical:0.00167,relaxation:0.001617,kinetic:0.001586,wall:0.001548,temperatures:0.001508,related:0.001486,gases:0.001484,aggregates:0.001474,homogeneous:0.001473,vibrational:0.001461,collisions:0.001433,hydrocarbon:0.001398,gas:0.001378,excess:0.001298,parameter:0.001292,stratification:0.001278,terrain:0.001245,hydrogen:0.001233,rate:0.001228,vibrations:0.001219,observational:0.001157,parameters:0.00115,surfaces:0.001076,solvents:0.001061,foundations:0.001061,conduction:0.001012,measuring:0.001001,helium:0.000993,currents:0.000985,current:0.000979,residues:0.000979,syntheses:0.000974,aromatic:0.000963,containing:0.000924,charges:0.000904,james:0.000903,apparatus:0.000902,money:0.000878,rotating:0.000875,latitudes:0.000873,electron:0.000865,silicate:0.000858,impurities:0.000845,page:0.000838,mineral:0.000809,rings:0.000808,ionospheric:0.000803,seattle:0.000792,primitive:0.000772,origin:0.000765,deep:0.00076,dated:0.000736,applications:0.000734,fluorescence:0.000717,constituents:0.000716,source:0.000679,unsaturated:0.000673,dense:0.000652,oh:0.000633,progressive:0.00061,exploration:0.000583,thermally:0.000577,ternary:0.000558,reversal:0.000495,application:0.000486,polarization:0.000481,orogenic:0.000458,geochronologic:0.000454,roles:0.000408,moist:0.000404,chain:0.000402,multiplication:0.000401,pond:0.000392,chlorophyll:0.000345,polycyclic:0.000341,impurity:0.000339,collisional:0.000325,carbonyl:0.00032,magnetized:0.000309,hydrocarbons:0.000302,singlet:0.000267,covalently:0.000247,edition:0.000238,determination:0.000202,trenches:0.000201,beach:0.000196,dimers:0.000194,petrochemical:0.000188,distributions:0.000185,substituted:0.000181,payment:0.000179,terrains:0.000178,interrelations:0.000157,reactivities:0.000153,hydrolytic:0.000152,photochemically:0.000144,polyatomic:0.000128,hydride:0.000127,volcanics:0.000124,flavin:0.000115,plateaus:0.000111,nominally:0.000109,petrologic:0.000108,van:0.000103,remanence:9.8e-05,dehydrogenase:9e-05,lichen:7.7e-05,chemically:6.5e-05,selected:6.1e-05,ix:3.2e-05,franciscan:2.8e-05,borderland:2.8e-05,overprinting:2.7e-05,produced:2.6e-05,coordinatively:2.3e-05,methylene:1.9e-05,immiscibility:1.1e-05,birkeland:6e-06
topic 3,network:0.165322,interdisciplinary:0.08576,scientists:0.060941,supports:0.060765,language:0.053021,responses:0.041583,opportunity:0.040618,schools:0.038815,engineers:0.035491,variables:0.023871,generation:0.023102,charge:0.021306,magnitude:0.020841,cause:0.020828,mechanistic:0.016503,caused:0.013782,translation:0.011132,risks:0.011084,facilities:0.010477,biomedical:0.009891,standards:0.009863,china:0.00929,form:0.008932,ph:0.008584,oregon:0.008193,set:0.008129,relevant:0.008062,seawater:0.008056,area:0.007563,bed:0.006513,indian:0.006504,anisotropic:0.006409,centers:0.00627,documentation:0.006141,storms:0.006129,columbia:0.00602,implementation:0.00557,asia:0.005319,resolving:0.004975,india:0.004612,fishes:0.004411,magnetism:0.004335,southeast:0.004231,encoding:0.004163,alabama:0.004133,attached:0.003792,assemblages:0.003589,superconductivity:0.003534,machining:0.003256,diatoms:0.00303,mrna:0.003011,pilot:0.002795,fixed:0.002451,number:0.002321,diatom:0.002268,subjective:0.002145,order:0.001928,series:0.001852,cooperation:0.001833,south:0.001811,altitude:0.001805,photochemistry:0.001782,conductors:0.00176,crystallographic:0.001715,observation:0.001714,british:0.001684,auburn:0.00165,stratosphere:0.001591,means:0.001541,translocation:0.001531,holographic:0.001314,korea:0.00127,abyssal:0.00124,ti:0.001203,disturbances:0.001197,east:0.001075,minor:0.000912,detroit:0.000905,dissemination:0.000896,definition:0.000723,mud:0.000597,brookhaven:0.000591,guinea:0.000577,barium:0.000535,ribosomes:0.000479,thailand:0.00044,eisenstein:0.000363,attitudinal:0.000351,orientational:0.000348,teleost:0.000239,unattended:0.000227,constituents:0.000181,metamorphosed:0.000149,aspects:0.000119,sounder:0.000102,poisons:3.9e-05
topic 4,tools:0.10266,algorithms:0.08205,software:0.080346,control:0.073318,systems:0.064604,computing:0.054134,design:0.036738,common:0.029639,success:0.022548,machine:0.021835,set:0.020441,adaptive:0.019269,complete:0.016814,political:0.015901,environments:0.015515,techniques:0.014419,forest:0.014325,communications:0.014144,supply:0.012199,directions:0.010846,environment:0.010311,optimal:0.009782,real:0.008407,dark:0.007895,component:0.007451,approach:0.007342,aquatic:0.007332,directed:0.006875,phytoplankton:0.006544,time:0.006521,interference:0.006517,adaptation:0.00598,process:0.005914,groundwater:0.005774,enhancement:0.005737,cold:0.005657,decomposition:0.005598,standard:0.005182,coordinate:0.004468,generations:0.004297,iterative:0.004274,heterogeneous:0.004112,automation:0.003804,reduction:0.003802,scale:0.003739,b:0.003699,predators:0.003687,strong:0.003634,operating:0.003579,working:0.003528,pressing:0.003388,assimilation:0.002956,elliptic:0.002951,direct:0.002763,greatest:0.002728,ii:0.002728,regeneration:0.002696,requirement:0.002562,results:0.002554,politics:0.002483,controlled:0.002439,mixed:0.002431,mutants:0.00218,transduction:0.002078,mapping:0.002074,asian:0.001992,reversible:0.001981,fabric:0.001958,short:0.001936,seeds:0.001856,special:0.001828,testing:0.001701,development:0.001672,mice:0.001647,healing:0.001616,solute:0.0016,bacterium:0.001598,curricula:0.001504,maintained:0.0015,marginal:0.001478,ammonia:0.001478,dakota:0.001475,prehistoric:0.001463,arid:0.00141,flies:0.001396,drainage:0.001315,adaptability:0.001282,wells:0.001278,recovery:0.001203,reconstruction:0.001167,introduced:0.001151,faunal:0.001077,aleutian:0.001059,northwestern:0.001036,arizona:0.001034,primary:0.001031,collaborative:0.001016,selection:0.000996,elimination:0.000897,integers:0.000882,alpine:0.000881,force:0.000871,paleoclimatic:0.000811,biopolymers:0.000785,radiogenic:0.00077,uranium:0.000741,maturation:0.000711,recent:0.0007,fresh:0.00068,categorical:0.000648,carbide:0.000604,jackson:0.000563,reproducing:0.000544,final:0.000543,colombia:0.000529,alkenes:0.000493,proterozoic:0.000472,gray:0.000448,alkynes:0.000447,deciduous:0.000416,compressibility:0.000406,pueblo:0.000366,defective:0.000327,suitable:0.00032,mesopelagic:0.000306,bahamas:0.000289,midcontinent:0.000259,squirrels:0.000241,seepage:0.000234,polish:0.000223,biostratigraphic:0.000222,micellar:0.000215,adaption:0.000215,crustaceans:0.00021,vesicular:0.000171,littoral:0.000167,fox:0.000157,nif:0.000155,meteoric:0.00015,devonian:0.000146,porphyrin:0.000145,gneiss:0.00014,glandular:9.9e-05,significance:8.9e-05,cemented:7.5e-05,divisor:6.2e-05,molting:6.1e-05,allenes:5.9e-05,coleoptera:5.5e-05,lansing:3.7e-05,conodonts:2e-05,metalliferous:4e-06,vinelandii:4e-06,nappes:3e-06
topic 5,new:0.08647,research:0.076432,develop:0.053689,project:0.033655,development:0.032687,methods:0.028753,networks:0.025858,technology:0.024323,use:0.024232,techniques:0.021454,power:0.021415,technologies:0.019691,collaborative:0.014813,wide:0.014688,fundamental:0.014199,future:0.013947,center:0.013088,institutions:0.012999,building:0.012561,second:0.012362,industry:0.012299,information:0.011767,applications:0.011398,support:0.011324,open:0.010718,potential:0.010304,tool:0.009559,form:0.00948,analysis:0.009443,modern:0.009047,innovative:0.00902,quality:0.008958,testing:0.007965,application:0.007947,university:0.007282,impact:0.007261,architecture:0.006957,decisions:0.006737,products:0.006693,apply:0.006268,engineering:0.005801,diverse:0.005732,measurement:0.005725,rapidly:0.005651,government:0.005406,source:0.005315,recent:0.005172,highly:0.004884,analytical:0.00469,laboratory:0.00462,acquisition:0.004608,past:0.004585,exhibit:0.004536,dimensions:0.00449,electrical:0.004252,construction:0.004172,technological:0.004123,predictive:0.004066,test:0.003857,processing:0.003851,facility:0.003824,applied:0.003824,resources:0.003665,theories:0.003536,natural:0.00352,evaluation:0.003507,operation:0.003296,tracking:0.003205,speed:0.003112,systematic:0.003075,perception:0.002813,basic:0.002797,coupled:0.002751,equipment:0.002706,theoretical:0.0027,scope:0.002691,ii:0.002626,resource:0.002608,operating:0.002572,innovations:0.002475,computing:0.002418,reactivity:0.002356,analyses:0.00234,concrete:0.002318,composites:0.002235,fiber:0.002208,assumptions:0.002206,experimental:0.002193,compact:0.002187,higher:0.002181,transfer:0.002095,sampling:0.00184,applicability:0.001811,longitudinal:0.001744,substrates:0.001734,economic:0.00173,microstructure:0.001718,phenomenon:0.001704,coatings:0.001698,line:0.001696,far:0.001634,emphasis:0.001601,maintenance:0.001565,relationships:0.001564,modifications:0.001551,transformation:0.001528,utilization:0.001506,york:0.001442,switching:0.001436,long:0.001432,feasibility:0.001431,column:0.001422,experiments:0.001392,reproduction:0.001347,discoveries:0.001338,improvement:0.001312,relating:0.001305,productive:0.001276,values:0.001257,joint:0.001162,elements:0.001095,crystallization:0.001046,high:0.001033,bonding:0.001001,detector:0.000997,angle:0.000907,purdue:0.000897,ordinary:0.00087,operational:0.000859,climates:0.000816,publication:0.000801,tunneling:0.000793,massachusetts:0.000767,parametric:0.000745,corrosion:0.000717,characteristics:0.000691,dispersive:0.000689,establishment:0.000672,sector:0.000665,november:0.000626,melts:0.000626,vocal:0.000619,anomalous:0.000612,fragments:0.000593,convergent:0.000578,contrasting:0.00057,electrolyte:0.000567,regimes:0.000561,failure:0.000553,inhibit:0.000543,investigations:0.000491,propulsion:0.000438,electoral:0.000435,overview:0.000432,compensation:0.000421,ventilation:0.000409,pain:0.000408,series:0.000405,shipboard:0.000394,existence:0.000376,comparison:0.000374,dissociation:0.00037,magnet:0.000365,non:0.000363,heterogeneities:0.000362,blocking:0.00034,case:0.000339,rochester:0.000337,cations:0.000328,significance:0.000327,ecologically:0.000323,factor:0.000317,sem:0.000299,distributions:0.000277,actions:0.000269,iteration:0.000259,pollution:0.000259,cambridge:0.000242,claim:0.000231,readout:0.000219,soybean:0.000212,indicative:0.000195,stock:0.000179,boston:0.000176,aerodynamics:0.000166,hole:0.00015,adhere:0.000149,dimensional:0.000147,petrographic:0.000143,sage:0.000135,shelter:0.000126,osmotic:0.000121,textured:0.000115,clutter:0.000105,decentralization:0.000103,heterogeneous:9.5e-05,entomology:9.4e-05,vegetable:9.1e-05,related:8.9e-05,quenched:8.7e-05,realizable:8.5e-05,deficiency:8.3e-05,conductor:7.7e-05,metallurgical:7.7e-05,binocular:7.1e-05,ejecta:7e-05,microzooplankton:7e-05,vapors:6.4e-05,perfusion:5.2e-05,benzene:5e-05,stagnation:5e-05,metalloenzyme:4.8e-05,francis:3.9e-05,exchangeable:2.4e-05,associated:2.1e-05,lettuce:1.3e-05,systems:9e-06
topic 6,important:0.080006,project:0.035503,key:0.03029,different:0.030122,study:0.02974,pi:0.02827,questions:0.02686,number:0.025271,groups:0.02366,improve:0.019076,information:0.017592,structure:0.015,large:0.01432,genes:0.013324,waves:0.012684,general:0.012275,new:0.012211,including:0.011319,efficiency:0.010764,specific:0.010556,relative:0.010543,certain:0.009995,uncertainty:0.009978,forms:0.009684,related:0.009411,animals:0.009357,role:0.009319,designs:0.0092,identified:0.009143,strong:0.008946,studying:0.008935,major:0.008867,earthquakes:0.008713,natural:0.008443,safety:0.008365,sequence:0.007972,behavior:0.007551,studies:0.007474,detailed:0.007387,formal:0.007379,finite:0.007228,domain:0.007155,representations:0.007138,function:0.007042,spectral:0.006786,obtained:0.006676,associated:0.00644,mapping:0.006419,problem:0.006395,supporting:0.006321,properties:0.006144,basic:0.006137,standard:0.005937,actions:0.005811,direction:0.005809,elements:0.00573,positive:0.005672,regulatory:0.005489,rna:0.005461,codes:0.005345,black:0.00506,element:0.004935,neurons:0.004861,approach:0.00483,spread:0.004617,negative:0.004464,derived:0.004334,medium:0.004274,action:0.004265,buildings:0.004159,deep:0.004096,special:0.004053,alternative:0.003921,cooling:0.003857,internal:0.00383,extended:0.003769,inverse:0.003697,unified:0.003652,observational:0.003576,comparison:0.003539,relationship:0.003503,disaster:0.003495,lines:0.003484,components:0.003482,fuels:0.003429,interpretation:0.003312,techniques:0.003253,extension:0.003185,consisting:0.003155,hole:0.0029,virus:0.002892,interaction:0.002859,arithmetic:0.002799,computers:0.002796,infection:0.00275,intermediate:0.002691,case:0.002657,viral:0.002542,acids:0.002497,transformation:0.002356,technique:0.002318,contaminants:0.002254,strengths:0.002249,oceanography:0.002191,graphical:0.00216,character:0.002108,salinity:0.0021,energies:0.002092,qualitative:0.002057,horizontal:0.001977,approximations:0.001967,lateral:0.001953,volatile:0.001904,quantity:0.001861,nervous:0.001804,tsunami:0.001796,paleoclimate:0.001768,free:0.001766,analysis:0.001756,investigation:0.001748,outer:0.001664,grains:0.001604,los:0.001599,housing:0.001555,private:0.001508,tracer:0.001506,coherence:0.001422,rehabilitation:0.001407,drosophila:0.001371,angeles:0.00135,absolute:0.001317,searching:0.001309,investigations:0.001263,velocities:0.001248,accretion:0.001237,temperate:0.001188,reflection:0.001166,biomechanics:0.001151,shale:0.001117,definition:0.001117,reinforcement:0.001114,reduction:0.001078,descriptive:0.001053,origin:0.001031,field:0.000993,tennessee:0.000965,injuries:0.000962,total:0.000929,warning:0.000918,probabilities:0.000915,systemic:0.000877,highly:0.000869,emphasis:0.000845,cap:0.000826,stresses:0.000795,tides:0.00079,phenomena:0.000789,drill:0.000753,relief:0.000714,preparedness:0.000586,radioactive:0.000558,oscillator:0.000529,determination:0.000523,stock:0.000515,phenology:0.000505,delaware:0.000459,based:0.000455,initiating:0.000454,syntax:0.000412,thermochemical:0.000389,mafic:0.000356,silicic:0.0003,graphite:0.000281,norway:0.000274,heterocyclic:0.000268,arthropods:0.000264,constituents:0.000263,messenger:0.00024,selected:0.000234,piles:0.000223,sedimentology:0.00021,northwest:0.000198,masonry:0.000197,nashville:0.000192,gordon:0.000188,igm:0.00017,josephson:0.000163,radiometric:0.000156,countable:0.000152,managerial:0.000126,dinoflagellates:0.000121,maintenance:0.000121,quantized:0.000115,halogenated:0.000115,polypeptides:0.000109,nodules:0.000108,conferencing:0.000102,subjected:8e-05,intertemporal:7.8e-05,mills:7.6e-05,seismograph:6.8e-05,semigroups:6.6e-05,wavenumber:5.9e-05,traction:5.2e-05,redirection:4.7e-05,methods:3.4e-05,aversive:3.2e-05,factors:3e-05,terpenes:2.9e-05,immunoglobulin:2.3e-05,transplanting:2.1e-05,fig:1.9e-05,thermoregulatory:1.8e-05,sonora:1.5e-05,globin:5e-06
topic 7,carbon:0.075039,temperature:0.039569,high:0.035872,record:0.028114,nitrogen:0.026298,oxygen:0.024428,extent:0.024077,rates:0.02369,atomic:0.021851,early:0.021226,evaluate:0.020538,gas:0.01827,isotope:0.017848,temperatures:0.017643,feature:0.017513,thermal:0.017006,low:0.016589,membranes:0.014192,coral:0.013849,precision:0.013814,cores:0.013615,cycles:0.01324,deep:0.013029,involved:0.012037,deposition:0.011806,trace:0.011644,hydrogen:0.010839,emission:0.010639,formed:0.010495,reducing:0.010082,late:0.009807,logic:0.009395,source:0.009273,lectures:0.008953,melting:0.008734,region:0.008727,analyses:0.008401,minerals:0.008121,south:0.008101,exchange:0.008035,dating:0.007702,active:0.007555,present:0.007511,compositions:0.007482,reaction:0.007208,acquired:0.006967,pressures:0.006958,element:0.006498,salt:0.006468,transcription:0.006364,sectors:0.006316,japan:0.006279,losses:0.006234,extraction:0.006104,indicators:0.005795,produced:0.005789,controls:0.005781,biologically:0.005688,differentiation:0.005662,type:0.005601,modern:0.00558,thermodynamics:0.005251,products:0.005046,neutral:0.004847,level:0.00449,heavy:0.004205,collision:0.00415,ozone:0.004046,zealand:0.00402,branch:0.004013,marsh:0.003649,beams:0.003498,fractionation:0.003416,transition:0.003388,potential:0.003335,lipids:0.003277,changes:0.003263,method:0.003213,importance:0.003208,measurement:0.003197,pharmaceuticals:0.003108,earliest:0.003042,relationship:0.002922,houston:0.002891,great:0.002868,agreement:0.002818,specific:0.002789,refining:0.002631,igneous:0.002399,contributions:0.002291,analogues:0.002232,replacement:0.002161,partial:0.002077,productive:0.001928,mechanisms:0.001909,cenozoic:0.001889,thresholds:0.001887,embryonic:0.001876,formation:0.001791,stratospheric:0.001751,planktonic:0.001704,peridotite:0.001653,releasing:0.00163,influence:0.001616,paleoenvironmental:0.001615,endogenous:0.001588,fifth:0.001548,minor:0.001418,foraminifera:0.001391,selected:0.00136,ion:0.001271,chlorine:0.001241,controlled:0.00121,l:0.001206,decade:0.001203,determination:0.001186,constituents:0.001179,naturally:0.001152,abelian:0.001149,hormonal:0.001116,pigments:0.001064,attained:0.001005,microprobe:0.000995,accommodation:0.00099,melanogaster:0.000964,southwestern:0.000955,paleoecology:0.000951,lines:0.000938,variations:0.000896,direct:0.000824,intermediates:0.000813,batch:0.000787,irreversible:0.000772,cambrian:0.000772,resins:0.000731,intrusion:0.000726,europe:0.0007,pollution:0.000654,modification:0.000584,lincoln:0.000482,wastewaters:0.000467,wellington:0.000449,growth:0.00042,nucleating:0.000412,diatomic:0.00041,lambda:0.000387,senescence:0.000381,neuroendocrine:0.000376,paleoceanography:0.000354,rings:0.000352,nozzle:0.000318,polarimetry:0.000282,masking:0.000276,ordovician:0.000269,appraisal:0.000249,physiologic:0.000228,hydroxylation:0.000212,britain:0.000211,modelled:0.000172,biostratigraphy:0.000168,warsaw:0.000164,mossbauer:0.000164,hydro:0.000148,thyroid:0.000136,aedes:9.1e-05,role:6e-05,paleoecologic:5e-05,diptera:2.8e-05,protoplasts:6e-06,peas:3e-06
topic 8,students:0.28916,education:0.075995,particular:0.037538,mathematics:0.035996,focus:0.035637,group:0.033028,scientists:0.02597,areas:0.025956,diverse:0.025442,studied:0.018805,advanced:0.018458,support:0.018404,needs:0.017614,objects:0.01567,grant:0.015565,travel:0.014824,capacity:0.014485,year:0.014189,public:0.013346,early:0.013034,biology:0.013003,creation:0.009714,native:0.009483,communities:0.008664,aspects:0.008037,life:0.007111,current:0.006715,integration:0.006551,genetics:0.005991,florida:0.005751,continued:0.005586,professionals:0.00558,foundations:0.005307,planned:0.005026,sizes:0.004519,habitats:0.004474,intelligence:0.004287,new:0.004089,washington:0.003991,astronomy:0.003742,selected:0.003717,order:0.003639,greenland:0.003525,extract:0.003384,continuing:0.00305,implementation:0.002974,photovoltaic:0.002959,disorders:0.002899,superior:0.002885,location:0.002884,feeding:0.002806,seminar:0.002711,charged:0.002602,introduced:0.002459,exhibits:0.002409,central:0.002409,boston:0.002294,validity:0.002215,tech:0.002046,october:0.001972,v:0.001954,counterparts:0.001853,board:0.00185,contrast:0.001748,components:0.001738,savings:0.001694,resistant:0.001652,hybridization:0.001551,arrangement:0.001528,biosphere:0.001525,economies:0.001463,electrostatic:0.001409,mouse:0.001339,cost:0.00132,reinforced:0.001216,mutation:0.001207,blooms:0.001201,containing:0.001188,formulas:0.001176,philosophy:0.001142,mitochondrial:0.001108,assignment:0.001098,parent:0.001075,durability:0.001034,connecticut:0.001003,continuation:0.000983,ii:0.000955,mature:0.000882,economists:0.000872,intermolecular:0.000796,insulating:0.000787,miami:0.000768,succession:0.000759,adsorbed:0.000718,electronically:0.000704,southeastern:0.000649,portions:0.000612,mild:0.000601,related:0.000592,phloem:0.000558,nebraska:0.000546,ethiopia:0.00054,ponds:0.000536,beach:0.000531,paramagnetic:0.000504,specialty:0.000491,gallium:0.000484,aged:0.000464,dislocations:0.000456,residing:0.000431,filamentous:0.00042,fabrics:0.000368,alleles:0.000351,somatic:0.000303,conifer:0.000285,meiosis:0.000272,accounting:0.000247,alkanes:0.000214,meniscus:0.000214,cones:0.000201,crossed:0.000197,man:0.000192,woven:0.00019,arsenide:0.000189,selling:0.000182,ontario:0.000181,afar:0.000177,tribes:0.000169,activities:0.000166,airglow:0.000155,research:0.000134,mitosis:0.000121,differentiating:0.000118,cephalopods:0.000116,cactus:0.000115,evaporating:0.000105,adjoining:8.8e-05,discretionary:8.5e-05,york:7.8e-05,cytochromes:5.9e-05,endoplasmic:5.9e-05,reticulum:5.7e-05,oahu:5.3e-05,narragansett:4.8e-05,reevaluation:4.4e-05,yarns:4.3e-05,spraying:2.7e-05,weedy:2.5e-05,hepatic:2.1e-05,gneisses:2e-05,regionalization:1.9e-05,opuntia:9e-06,microscopical:8e-06,selection:3e-06
topic 9,project:0.055754,models:0.040506,model:0.0341,research:0.032852,training:0.027873,results:0.027123,graduate:0.024161,modeling:0.022138,time:0.016952,educational:0.016633,process:0.016376,including:0.014041,global:0.013776,based:0.013625,material:0.012717,behavior:0.012602,processes:0.011896,use:0.01168,conditions:0.011527,approach:0.01124,determine:0.01083,response:0.010492,local:0.010485,potential:0.009949,future:0.009035,current:0.008332,new:0.008323,impact:0.007921,components:0.007886,nature:0.007428,simulation:0.007193,features:0.007167,dynamic:0.007084,small:0.007007,influence:0.006826,effects:0.006634,active:0.006599,present:0.006549,mechanisms:0.006481,user:0.006432,capabilities:0.006299,robust:0.006271,physical:0.006042,importance:0.005868,general:0.005785,quantitative:0.005646,soil:0.005628,parameters:0.005597,environments:0.00558,rate:0.005524,possible:0.005303,characteristics:0.005204,development:0.004919,distribution:0.004849,environment:0.004841,class:0.004613,advanced:0.004592,random:0.004592,analysis:0.004577,working:0.00442,single:0.004215,fully:0.00421,prediction:0.004194,interaction:0.004173,dynamical:0.004021,land:0.00402,great:0.003967,series:0.003821,statistical:0.003821,real:0.003763,highly:0.003758,quality:0.003742,stable:0.003729,initial:0.003672,areas:0.00367,stability:0.00366,strength:0.003653,simple:0.003627,scientific:0.00357,strategies:0.003536,fast:0.003481,implementation:0.003476,society:0.003334,implement:0.003285,primary:0.003263,teams:0.003208,period:0.003181,courses:0.003169,size:0.003051,associated:0.003039,sources:0.003032,production:0.003027,phases:0.002996,rates:0.002822,depth:0.002813,composition:0.00276,consumption:0.002759,applied:0.00266,theoretical:0.002623,effect:0.00258,industrial:0.002568,good:0.002562,city:0.002536,scenarios:0.00251,recovery:0.00247,output:0.002417,failure:0.002357,layer:0.002311,varying:0.002306,techniques:0.002304,numerical:0.002302,noise:0.00227,procedures:0.00211,implications:0.002054,cooperative:0.002046,modes:0.001989,association:0.001989,evolution:0.001903,sound:0.001895,microbes:0.001872,layers:0.001865,uses:0.001847,base:0.001836,final:0.001818,michigan:0.001747,observation:0.00173,internal:0.001711,modified:0.001676,deliver:0.00161,flexibility:0.001586,correlation:0.001583,lower:0.00156,motions:0.001556,existence:0.001529,rise:0.001504,variability:0.001504,exploratory:0.001468,deposits:0.001441,constrained:0.001433,glacial:0.00142,significance:0.001389,erosion:0.001379,phenomena:0.001372,contexts:0.001363,determined:0.001356,modular:0.001354,labor:0.001335,centers:0.001335,study:0.001331,total:0.00132,assessment:0.001318,mechanism:0.001297,inclusion:0.001281,guided:0.001253,propagation:0.001251,topics:0.00125,utility:0.001249,synthesized:0.001226,colloidal:0.001184,investigation:0.001166,mass:0.001159,central:0.001159,interactive:0.001121,simulated:0.001108,situ:0.0011,dissemination:0.001054,growth:0.001052,lifetime:0.001047,planetary:0.001018,seminars:0.001007,integrity:0.001005,moisture:0.000989,evaluation:0.000977,unit:0.000948,exchange:0.000941,relation:0.000915,introduced:0.000897,variations:0.000897,spreading:0.000877,suitable:0.000861,instabilities:0.00085,trends:0.00084,high:0.000833,astronomical:0.000829,center:0.000797,ordered:0.00078,binary:0.000775,raw:0.00076,publication:0.000752,category:0.000744,pollutants:0.000737,onset:0.000734,iowa:0.000734,strengthening:0.000734,profile:0.000709,normal:0.000703,alloy:0.000696,turbine:0.000692,improvement:0.000664,faces:0.000649,vacuum:0.000649,prices:0.000645,studies:0.000637,fatigue:0.000635,galactic:0.000635,probes:0.000632,nucleic:0.00063,initiation:0.000625,monsoon:0.000596,sociology:0.000592,induced:0.000574,subjected:0.000556,viscous:0.000547,joint:0.000533,princeton:0.000526,dense:0.000519,satellites:0.000493,purely:0.000487,ultraviolet:0.000481,pressure:0.000469,tropics:0.000465,relational:0.000461,vertical:0.000449,sky:0.000449,hamiltonian:0.000423,lithospheric:0.000423,field:0.000418,coordinating:0.000412,recipients:0.000394,england:0.000388,aluminum:0.000386,nitride:0.000342,filled:0.000334,spectrometry:0.000326,marketing:0.000323,cracks:0.00032,removal:0.000316,adjustment:0.000316,beds:0.000315,entrainment:0.000313,orders:0.000313,operating:0.000309,fertility:0.000307,modelling:0.000302,jersey:0.000301,infant:0.000298,role:0.000294,aids:0.000293,destruction:0.000287,intrusion:0.000283,astronomy:0.00028,conformation:0.000276,individualized:0.000272,pest:0.000257,complex:0.000245,plain:0.000244,genesis:0.000242,cathode:0.000231,ore:0.000227,bat:0.000227,relaxations:0.000226,sociological:0.000222,carbohydrates:0.000219,bonded:0.000214,shoreline:0.000208,etching:0.000207,reflectance:0.000205,freshmen:0.000198,colorado:0.000191,tropospheric:0.000186,marker:0.000176,asymptotically:0.000176,amines:0.000171,interferometric:0.000169,ncar:0.000162,highway:0.000159,snails:0.000154,retrospective:0.000151,allied:0.000151,denver:0.000148,circulations:0.000146,monkeys:0.000143,failing:0.000128,intermetallic:0.000126,immunological:0.000122,chromatographic:0.000121,stoichiometric:0.000114,iris:0.00011,mosquitoes:0.000108,archeological:0.000106,incipient:0.000106,fluorine:0.000105,snail:0.000104,doctorate:0.000102,cumulus:9.6e-05,jurassic:9.1e-05,commodities:9.1e-05,maine:8.8e-05,lesions:8.7e-05,jupiter:8.5e-05,meandering:8.4e-05,interactions:8.2e-05,minnesota:8.1e-05,red:8.1e-05,causation:7.8e-05,teleseismic:7.7e-05,nonstandard:7.4e-05,tutors:7.3e-05,rainwater:6.5e-05,paleoenvironments:6.4e-05,case:5.5e-05,bragg:5.5e-05,attenuated:5.4e-05,analyzers:5.3e-05,resources:4.8e-05,pavement:4.5e-05,enclosures:4.3e-05,humic:3.4e-05,remanent:3.3e-05,electrodeposition:3.1e-05,laboratory:2.7e-05,compton:2.2e-05,eclipses:2.2e-05,juror:2.1e-05,varved:1.9e-05,amphipods:1.8e-05,acids:1.8e-05,diffused:1.7e-05,manpower:1.6e-05,liquidus:1.6e-05,factors:1.4e-05,scanner:1.3e-05,racemization:1.2e-05,dynamics:1e-05,nucleosides:1e-05,geostationary:1e-05,catalogue:9e-06,videotape:8e-06,crinoids:3e-06,deep:1e-06
topic 10,developed:0.05629,cells:0.050677,simulations:0.038541,molecular:0.031398,proteins:0.030961,functions:0.02733,functional:0.024939,plants:0.024811,gene:0.024245,complexity:0.022859,stress:0.019557,type:0.019482,differences:0.01854,specific:0.017855,spaces:0.017699,limited:0.015846,expression:0.015373,activity:0.015283,bacteria:0.015093,sample:0.015034,topology:0.0148,previously:0.014493,proposal:0.014074,funds:0.011553,analysis:0.011047,bacterial:0.010534,existing:0.010113,class:0.009952,property:0.009722,resistance:0.00963,economy:0.009627,defined:0.009407,circuit:0.008809,mobility:0.008535,set:0.008048,cluster:0.007912,variable:0.00762,expanding:0.0073,dependence:0.006995,higher:0.006873,computations:0.006673,production:0.006331,sciences:0.006081,methods:0.005603,dimensional:0.005557,concerning:0.005503,pathogens:0.005263,catalyst:0.005238,small:0.005108,test:0.005106,component:0.004932,relationships:0.004905,integral:0.004836,use:0.004679,experimentation:0.004657,bounds:0.00458,harmonic:0.004482,group:0.00446,regions:0.004395,microorganisms:0.004273,importance:0.004152,physiology:0.004029,feasible:0.003921,strains:0.00387,technique:0.003862,domain:0.003731,highly:0.003644,smooth:0.003643,techniques:0.003564,leaf:0.003536,characterization:0.003442,spectrometry:0.00343,section:0.003415,determined:0.003392,taxonomic:0.003374,plane:0.003369,factor:0.00327,concurrent:0.003207,roots:0.003204,yeast:0.003157,fixation:0.00315,rupture:0.003037,forecasts:0.002959,products:0.002915,mammalian:0.002894,surfaces:0.00284,red:0.002786,tensor:0.002724,regulators:0.002616,constant:0.002478,wetlands:0.002414,lineages:0.002283,filters:0.00217,derived:0.002131,project:0.002108,organismal:0.002104,treatment:0.002088,multiphase:0.002073,viscoelastic:0.002038,central:0.002017,derivatives:0.002014,airborne:0.001961,portion:0.001937,boundaries:0.001784,creep:0.001776,organization:0.001754,induced:0.001703,abundances:0.001646,morphology:0.001644,insufficient:0.001579,forms:0.00156,permeability:0.001536,lower:0.001483,relationship:0.001429,nature:0.001397,utilizing:0.001383,japanese:0.001357,embryos:0.001353,paul:0.001276,constructive:0.001252,radial:0.001236,infected:0.001132,cross:0.001102,size:0.001079,ray:0.001055,borehole:0.001055,effect:0.001016,transfer:0.001012,fast:0.000978,nickel:0.000975,morphogenesis:0.000938,zinc:0.000931,occupational:0.000923,nurture:0.000918,dilute:0.000883,gamma:0.000878,cobalt:0.000863,fluctuating:0.000834,cl:0.000817,ionized:0.000816,versus:0.000815,twin:0.000814,econometric:0.000808,inhibitory:0.000805,advection:0.000801,corn:0.000791,subgroups:0.000779,va:0.000779,banach:0.00075,instrumental:0.000747,employing:0.000734,related:0.000733,chromosomal:0.00066,asthenosphere:0.000622,chloride:0.000616,immobilized:0.000556,structure:0.000546,extracts:0.000544,tongue:0.000538,feet:0.000526,determination:0.000516,distribution:0.000506,missouri:0.000499,apparatus:0.000483,digestion:0.000478,dirichlet:0.000468,lethal:0.00046,rate:0.000459,purchase:0.000456,saccharomyces:0.00043,kent:0.000426,mangrove:0.000423,extension:0.000399,conductivities:0.00035,traction:0.000346,new:0.000346,outcrop:0.000323,ferrous:0.000306,sensible:0.000299,embryogenesis:0.000297,evapotranspiration:0.000279,vinyl:0.000274,utilization:0.000269,cratonic:0.000267,precludes:0.000239,emulsion:0.000231,duluth:0.000226,passivation:0.000193,petrography:0.000176,coincidence:0.000175,semiarid:0.00015,acetate:0.000146,gelatinous:0.000143,feynman:0.000125,dictyostelium:0.000112,radioactivity:0.000105,microfossil:8.9e-05,discoideum:8.4e-05,industrialization:7.9e-05,investigations:7.2e-05,oxo:6.3e-05,estrogens:6.2e-05,passerine:6.1e-05,study:5.8e-05,continua:5.4e-05,stalk:5.1e-05,bioenergetic:4.7e-05,salps:3.3e-05,natural:2.5e-05,cdp:2.2e-05,properties:1.1e-05,infaunal:1e-05,reserch:7e-06,rot:4e-06,radioimmunoassay:3e-06,ellipsometric:3e-06
topic 11,mathematical:0.068807,geometry:0.049356,nsf:0.045032,spectrum:0.03001,fields:0.028201,principal:0.026372,motion:0.024685,programming:0.023347,boundary:0.023343,wind:0.022222,larger:0.021734,stochastic:0.020639,earthquake:0.019229,yield:0.017419,areas:0.017079,observations:0.016609,movement:0.015665,strong:0.015547,sensitivity:0.015481,scales:0.01459,ground:0.014385,languages:0.013642,subject:0.013324,applications:0.01301,structures:0.012818,observed:0.012138,structure:0.010742,smaller:0.010542,probability:0.010251,structured:0.009745,results:0.009301,order:0.009046,transformations:0.00904,campus:0.008703,level:0.008624,substrate:0.007815,topics:0.007606,fungi:0.007522,simulate:0.007308,electromagnetic:0.007041,free:0.006989,grain:0.00688,aging:0.006776,symmetry:0.00666,weak:0.006635,general:0.006509,mountain:0.00626,partially:0.006038,resolution:0.005991,surface:0.005865,spatial:0.00575,nature:0.005484,metric:0.005293,heating:0.005178,density:0.005058,uncertainties:0.004894,hydrologic:0.004881,chiral:0.004843,central:0.004743,bridges:0.004743,atom:0.004674,microwave:0.004428,generalized:0.004333,centered:0.004314,graphics:0.004261,loading:0.004261,building:0.004225,range:0.004158,cycle:0.00396,layer:0.003845,fluctuations:0.003824,emphasis:0.003702,coefficients:0.003597,excitation:0.003582,deterministic:0.003557,formed:0.003304,volcano:0.003117,watersheds:0.003093,construction:0.002925,fine:0.002761,oscillations:0.002685,amorphous:0.002643,transient:0.002542,techniques:0.002404,contents:0.002336,pittsburgh:0.002336,means:0.002308,interaction:0.002288,giant:0.002285,stratified:0.002198,steady:0.00207,heavy:0.001965,la:0.001953,bearing:0.001931,substrates:0.001916,files:0.001902,accelerator:0.001871,seismology:0.001865,lavas:0.001862,reduction:0.001784,canopy:0.00177,optimum:0.001755,observatories:0.001718,task:0.001694,mexican:0.001563,resonances:0.001514,associated:0.001418,ii:0.001407,subsystems:0.001369,consolidation:0.001314,investigation:0.001308,entrepreneurs:0.001305,salts:0.001273,controlling:0.001261,region:0.001254,centre:0.001233,pennsylvania:0.001186,geomorphology:0.001179,innovators:0.001021,corona:0.00091,locating:0.000873,photographs:0.000872,cyclone:0.00085,nitrification:0.000841,provinces:0.000839,restructuring:0.000803,kelp:0.000802,seismological:0.000773,germanium:0.000747,inelastic:0.000721,oceanography:0.000685,explosives:0.000645,replacement:0.000612,limestone:0.000553,interrelationships:0.000547,discontinuity:0.000528,supplementary:0.000513,extratropical:0.000505,recycle:0.000461,deficient:0.000454,multiplicity:0.000423,moon:0.000417,grained:0.00041,isolating:0.000404,basis:0.000401,eclipse:0.000362,neptune:0.000359,undisturbed:0.00035,heterojunctions:0.000344,multipole:0.00031,occultation:0.000268,correlative:0.000266,october:0.000255,observation:0.000244,significance:0.000241,rubidium:0.000222,van:0.000184,stereochemistry:0.000154,petrochemical:0.000141,recherche:0.000129,scientifique:0.000126,containing:0.00012,toroidal:0.000101,based:0.0001,microflora:5.1e-05,fernando:3.8e-05
topic 12,climate:0.050951,change:0.044164,environmental:0.035031,changes:0.035014,research:0.023736,communities:0.022695,natural:0.021772,sensing:0.019517,populations:0.017643,effects:0.0167,ecological:0.016637,dynamics:0.016351,ecosystem:0.015785,academic:0.015281,evolutionary:0.014897,collaborative:0.01446,variation:0.013629,accurate:0.013583,ecosystems:0.013443,coastal:0.013442,algebraic:0.012332,observations:0.012024,study:0.011423,region:0.011291,conditions:0.011009,ecology:0.010773,lead:0.010618,improve:0.010615,production:0.010398,coupling:0.009202,individual:0.009141,recent:0.008817,analyses:0.00849,major:0.008259,questions:0.008039,tropical:0.007987,remote:0.0075,long:0.007321,interactions:0.006995,critical:0.006933,external:0.006732,lake:0.006602,term:0.0061,studies:0.005808,primary:0.005742,location:0.005697,range:0.005468,composition:0.005364,environment:0.005347,resource:0.005264,consequences:0.005208,alaska:0.00518,shapes:0.005116,role:0.00505,large:0.005047,fish:0.005008,faults:0.004974,drought:0.004753,productivity:0.004709,scale:0.004626,useful:0.004606,associated:0.004369,clouds:0.004265,circulation:0.004243,inputs:0.004208,influences:0.00415,collective:0.004035,selection:0.003997,movements:0.003971,modern:0.003885,recognized:0.003857,allocation:0.003823,lakes:0.003804,climatic:0.00372,polar:0.003638,direct:0.003609,distribution:0.003429,reducing:0.003417,atmosphere:0.003385,year:0.003358,time:0.003356,introduction:0.00323,rainfall:0.003166,diagnostic:0.003155,periods:0.003155,use:0.003147,weather:0.003088,universal:0.00306,factors:0.003023,competing:0.003015,accumulation:0.002902,forming:0.002891,pairs:0.002835,semantic:0.002798,comparative:0.002701,investment:0.002668,open:0.002546,surface:0.00254,satellite:0.002518,localized:0.002477,ranges:0.002393,inner:0.002381,trends:0.002364,birds:0.002337,implications:0.002331,pollution:0.002306,distributions:0.002291,indigenous:0.002269,obtain:0.002269,biological:0.002231,area:0.002197,controls:0.002183,attempts:0.002156,dry:0.002127,hydrology:0.00207,secondary:0.002062,ring:0.002049,structure:0.001978,related:0.001863,nitrate:0.001858,upwelling:0.001835,adjacent:0.001808,testing:0.001794,benthic:0.001776,firm:0.001761,oklahoma:0.001727,speeds:0.001703,line:0.0017,fluctuations:0.001693,characteristics:0.001684,superconductors:0.00167,bands:0.001639,having:0.001584,representation:0.001581,characteristic:0.001554,early:0.00152,significance:0.001488,slope:0.001478,covers:0.001436,left:0.00143,belt:0.001419,county:0.001406,release:0.0014,series:0.001351,possible:0.001324,sedimentary:0.001322,toxicity:0.001316,variations:0.00131,relation:0.001287,southern:0.001286,stratigraphic:0.001267,western:0.00123,x:0.001207,measuring:0.001187,northwestern:0.001178,studying:0.001168,current:0.00116,effect:0.001114,predation:0.00111,influencing:0.0011,predator:0.001015,hoc:0.000991,grazing:0.000976,k:0.000959,zooplankton:0.000948,shells:0.000946,interstellar:0.000942,northeastern:0.000924,missouri:0.000913,portions:0.000907,affine:0.000855,kenya:0.000852,establishment:0.000784,acceptable:0.000758,quaternary:0.000735,pleistocene:0.000729,eastern:0.000713,factor:0.000703,positive:0.000674,extended:0.000668,canyon:0.000664,dams:0.000622,cast:0.000612,mode:0.000598,fertilizer:0.000565,mcmurdo:0.000531,homological:0.000529,bargaining:0.000482,finer:0.000468,andean:0.000463,transverse:0.000454,solutes:0.000453,temperature:0.000432,solvation:0.0004,endocrine:0.000368,containing:0.000361,electrodynamics:0.000344,heterocycles:0.000304,sector:0.000287,induced:0.000269,graft:0.000265,paleoceanographic:0.000258,glaciological:0.000249,guatemala:0.000247,orbitals:0.000239,circumstellar:0.000237,siberia:0.000232,stabilities:0.000221,extension:0.000208,profitability:0.000203,peru:0.000188,unions:0.000187,telephone:0.000185,precipitated:0.000169,ecologic:0.000163,supervisors:0.000153,sigma:0.000152,imperial:0.000131,altiplano:0.00011,morphologic:0.000104,lying:9.6e-05,norfolk:7.8e-05,copolymerization:6.4e-05,public:5.8e-05,multiparameter:5.3e-05,analysing:3e-05,marianas:2.9e-05,tion:1e-05,superplastic:1e-05,nonmetallic:5e-06,internal:5e-06,admissibility:5e-06,radiographs:4e-06
topic 13,years:0.08393,award:0.055922,cellular:0.047482,signal:0.044852,digital:0.039644,changing:0.039383,enhanced:0.037836,media:0.034647,living:0.030612,records:0.029433,instrumentation:0.025259,combining:0.023778,films:0.023012,numbers:0.021632,texas:0.020017,driving:0.017269,including:0.015838,issues:0.014334,working:0.013331,oil:0.012595,biochemistry:0.012583,crustal:0.011949,degrees:0.011789,recovery:0.01101,hydrothermal:0.010639,computers:0.009424,short:0.008955,decay:0.008212,positions:0.00819,proper:0.00814,transform:0.008004,obtaining:0.007509,lithosphere:0.007337,detailed:0.007215,index:0.006956,bay:0.006921,generated:0.006655,plates:0.006262,fisheries:0.006205,disciplinary:0.006149,divergence:0.006135,repeated:0.006134,specificity:0.006084,improving:0.006007,dielectric:0.00584,ceramic:0.005837,einstein:0.005827,diet:0.00569,governing:0.005537,area:0.00551,austin:0.005245,transformed:0.005091,rise:0.004934,stresses:0.004896,oriented:0.004887,special:0.004682,semiconducting:0.004626,primates:0.004601,dispersion:0.004551,reservoir:0.004542,flooding:0.004504,rotation:0.004422,substances:0.004382,force:0.004264,idealized:0.004184,attenuation:0.003386,february:0.002895,arsenic:0.002886,surfactants:0.002679,brittle:0.002588,cad:0.002506,stress:0.002482,sintering:0.002376,lifetimes:0.002316,basins:0.002307,chesapeake:0.002122,quadratic:0.001961,powers:0.001955,famous:0.001951,tooth:0.001907,loading:0.001885,processing:0.001868,degenerate:0.001707,amphibians:0.001679,massachusetts:0.001628,highly:0.001616,institution:0.001496,strait:0.001449,citation:0.001325,scale:0.001263,egyptian:0.001087,rat:0.001066,deficiency:0.001028,legumes:0.00092,mold:0.000888,amazonian:0.000874,trough:0.000858,minima:0.000854,dormancy:0.000845,colliding:0.000828,currency:0.000786,foreign:0.000754,observational:0.000671,oman:0.000625,mile:0.000597,precipitates:0.000589,thermohaline:0.000568,federation:0.000564,electrical:0.000516,molar:0.00051,rhodium:0.000471,euphotic:0.000442,slime:0.000418,bilinear:0.000408,epithelium:0.000406,puget:0.000257,listing:0.00019,testis:0.000108,mastication:0.000106,clue:0.000102,rhizobium:7.5e-05,pelitic:2e-05,schists:1.8e-05
topic 14,world:0.079826,effective:0.068766,ice:0.068448,facilitate:0.0465,microbial:0.042897,samples:0.041853,arctic:0.039501,visual:0.038345,feedback:0.034616,drug:0.022641,deep:0.017943,complementary:0.01728,acoustic:0.01637,fluxes:0.015401,establishing:0.015124,markets:0.015008,dissolved:0.014979,operators:0.014722,degradation:0.014585,scanning:0.012345,principle:0.011996,cities:0.011933,survival:0.011625,block:0.011189,profiles:0.010301,microscope:0.010051,sea:0.009597,motor:0.009578,situ:0.008539,curves:0.008491,rise:0.008083,measurements:0.007589,hot:0.007366,east:0.007337,obtain:0.007296,fixed:0.007007,therapeutic:0.006962,volumes:0.006638,broadband:0.006449,mortality:0.00614,supporting:0.006115,cruise:0.005291,separate:0.005284,set:0.005222,stimulation:0.004942,conjugated:0.004495,preserving:0.004404,activity:0.004394,acting:0.004343,resolution:0.004261,evaluations:0.004215,bear:0.004139,period:0.004014,administrative:0.00378,mating:0.003764,ross:0.003685,brazil:0.003642,stationary:0.003496,indiana:0.00349,having:0.003368,o:0.003283,microstructural:0.003271,packaging:0.003156,continuous:0.003147,extraction:0.003068,logistics:0.003058,microbiology:0.003017,ultrasonic:0.002855,governmental:0.002792,interpretation:0.002778,suspended:0.002526,evaluating:0.002477,maker:0.002462,distinguishing:0.002306,inflation:0.002304,means:0.002096,extended:0.00205,alaskan:0.002048,source:0.002036,mappings:0.001971,upper:0.0019,correlates:0.001896,hydrographic:0.001883,disposal:0.001877,electrophysiological:0.001763,west:0.001743,fatty:0.001699,mount:0.001664,monetary:0.001633,termination:0.001624,additions:0.001617,transmission:0.001581,points:0.001466,invariance:0.001437,heterotrophic:0.001409,circumpolar:0.001399,liver:0.001398,operations:0.00137,phage:0.001356,dictionary:0.001303,resistive:0.001298,crude:0.001258,peruvian:0.001233,geodesic:0.001106,conjugate:0.000924,bacteria:0.000707,municipal:0.000699,deletion:0.000689,chromium:0.000679,lafayette:0.000655,polypeptide:0.000636,homogeneous:0.000597,rio:0.000579,sludge:0.000515,deuterium:0.000502,th:0.0005,casts:0.000483,evans:0.000478,grinding:0.000444,bromine:0.000425,oil:0.000391,sections:0.000376,constituents:0.000371,mississippian:0.000324,janeiro:0.000287,radiant:0.00024,mature:0.000192,limestones:0.000185,barnacle:0.000163,eureka:0.000147,schwarz:0.000144,bipolar:0.000124,chemisorption:0.000105,feasibility:8.3e-05,operon:7.2e-05,superplasticity:9e-06
topic 15,goal:0.070304,multiple:0.045651,communication:0.035413,novel:0.035162,health:0.034135,need:0.031556,generation:0.029883,users:0.025271,large:0.024828,detection:0.022629,services:0.019119,resources:0.019088,improving:0.016525,necessary:0.016068,broad:0.015732,based:0.015534,methodology:0.014663,integration:0.014511,compared:0.013833,pathways:0.013719,frequency:0.013493,scale:0.01308,extend:0.01303,service:0.012739,delivery:0.010736,measures:0.010334,conservation:0.010105,sources:0.009788,strategy:0.00972,public:0.009682,effectiveness:0.009564,potential:0.009182,identification:0.009179,financial:0.009036,agents:0.008947,radiation:0.008933,exploring:0.008911,resource:0.008674,channel:0.008281,care:0.007846,outcome:0.007794,major:0.007607,determine:0.007502,developmental:0.007069,maps:0.006996,sensitive:0.006366,setting:0.006198,producing:0.006025,gaps:0.005968,roles:0.005928,higher:0.005881,selective:0.005775,taken:0.005684,evaluating:0.005527,continuous:0.005428,use:0.005323,body:0.005127,absorption:0.004983,range:0.004952,values:0.00493,uses:0.004807,activation:0.004609,boundaries:0.004584,conduct:0.004547,intensity:0.004499,psychology:0.004288,rural:0.003915,viruses:0.003422,reference:0.003371,far:0.003244,fungal:0.003234,simultaneous:0.003184,continuously:0.003178,methodological:0.00311,diffraction:0.003055,method:0.003031,reduction:0.003009,highly:0.002953,low:0.002864,serving:0.002722,household:0.002689,engines:0.002634,cultures:0.002544,reading:0.002541,measuring:0.00254,pulse:0.002489,covering:0.002418,bases:0.002387,copper:0.002332,seismicity:0.002329,bridging:0.002274,project:0.002273,ligand:0.002211,impact:0.002208,preservation:0.002205,background:0.002076,crime:0.002041,profiling:0.002033,coherent:0.001928,alternatives:0.001911,dc:0.00188,lower:0.001825,wet:0.001702,speed:0.00165,separation:0.001607,constant:0.001535,deformations:0.001534,recent:0.001522,angular:0.001519,provision:0.001428,fine:0.00141,determinants:0.001363,aircraft:0.001305,plumes:0.001269,organization:0.001264,pests:0.001214,taxonomy:0.001151,dispersion:0.001098,negatively:0.001037,action:0.000963,utilization:0.000949,belief:0.000931,waste:0.000923,environment:0.000892,fermentation:0.00086,police:0.000823,cohesive:0.000815,oxidized:0.000744,classifying:0.000726,versus:0.000631,methanol:0.000596,carbohydrate:0.000523,diffusivity:0.000516,ethylene:0.000504,recreational:0.000466,displaying:0.000437,diagenesis:0.000427,disturbances:0.000423,conversion:0.000406,lepidopteran:0.000392,voluntary:0.00037,acclimation:0.000367,copepods:0.000365,epoxy:0.000338,hz:0.000321,cable:0.000312,products:0.000308,inactive:0.000306,dinitrogen:0.000238,curing:0.000238,intraplate:0.000232,tectonically:0.000217,phytochrome:0.000188,autotrophic:0.000183,normalized:0.000153,sedimentologic:0.00015,mandatory:0.000144,sulfuric:0.000141,controlled:0.000132,chelating:9.3e-05,television:8.2e-05,patrol:7e-05,evaluation:3.4e-05,ligated:3.2e-05,paleontologic:2.4e-05,high:1.9e-05,chemisorbed:1.6e-05,magnetooptical:1.6e-05,mechanisms:7e-06,test:5e-06,ferromanganese:5e-06
topic 16,work:0.096853,social:0.045336,research:0.041514,human:0.036318,public:0.027181,study:0.024998,site:0.021573,project:0.019922,patterns:0.019267,spatial:0.019096,events:0.016765,economic:0.015935,population:0.014627,sites:0.014401,test:0.014354,sensors:0.014309,essential:0.013848,community:0.013,studies:0.012966,experiments:0.012808,factors:0.011626,children:0.01088,society:0.010494,states:0.010135,use:0.009858,doctoral:0.009721,increase:0.009339,temporal:0.009229,activity:0.008773,strategies:0.008254,role:0.00798,impact:0.007826,empirical:0.007567,order:0.007371,dissertation:0.007293,time:0.007095,level:0.007032,methodologies:0.007028,rich:0.006848,united:0.006548,complex:0.006428,implications:0.006347,interactions:0.006258,relationship:0.00625,observed:0.006195,precipitation:0.006137,history:0.006016,locations:0.00577,cultural:0.005766,interaction:0.00562,central:0.00549,attention:0.005471,field:0.005444,contribution:0.005394,information:0.005388,art:0.005082,changes:0.005013,turbulence:0.004917,response:0.00479,scaling:0.004768,change:0.004614,case:0.004342,ideal:0.004301,classification:0.004261,state:0.004238,habitat:0.003998,growth:0.003934,development:0.003909,value:0.003855,consequences:0.003813,adaptation:0.003653,d:0.003619,space:0.003512,island:0.003463,vegetation:0.003421,culture:0.003391,distance:0.003339,improvements:0.003298,pattern:0.003272,sensory:0.003241,range:0.003192,light:0.003137,region:0.003112,task:0.003072,correlations:0.002997,laboratory:0.002973,production:0.002955,large:0.002841,efficiency:0.002568,series:0.002565,firms:0.002494,versus:0.002467,features:0.002454,mammals:0.002448,guidelines:0.00241,linguistic:0.002384,produced:0.002369,transition:0.002366,demographic:0.002356,associated:0.00233,effect:0.002314,uses:0.002262,arc:0.002205,planets:0.002096,r:0.001941,south:0.001927,budget:0.00192,canada:0.001868,modulation:0.001863,experiment:0.001862,rates:0.00184,interfaces:0.001829,related:0.001828,radiative:0.001813,larval:0.001758,death:0.001751,selection:0.001697,quantitative:0.001683,sources:0.001679,regulating:0.001674,europe:0.001665,experimental:0.001643,refinement:0.001637,incentives:0.001621,analysis:0.001609,calcium:0.001543,multidimensional:0.001466,decade:0.001453,integration:0.001442,collaborative:0.001425,hope:0.001416,foreign:0.001333,adapting:0.001267,maintenance:0.001198,near:0.00119,geographical:0.001167,accounting:0.001134,investigation:0.00112,vibration:0.001094,bodies:0.001084,drag:0.001057,dissolution:0.001016,ii:0.000979,east:0.000947,modulated:0.000935,rocky:0.000916,scarcity:0.000864,indicator:0.000852,cut:0.000848,coast:0.000699,spacing:0.000698,distribution:0.000694,cross:0.000677,invertebrate:0.000622,coring:0.000618,beta:0.000613,special:0.00057,scientific:0.000527,automobile:0.000526,television:0.000519,intertidal:0.000509,pelagic:0.000493,core:0.000487,transmitter:0.000485,mediterranean:0.000457,library:0.000454,interfacing:0.000454,atmospheres:0.000452,compressible:0.000439,neutrons:0.00037,packed:0.00036,mooring:0.000359,recombinant:0.000354,determinant:0.000349,emplacement:0.000336,origin:0.000328,conceptions:0.000322,expenditures:0.000322,microphysics:0.000296,shellfish:0.000276,steady:0.000266,terminals:0.000261,rationality:0.000257,new:0.000248,investigations:0.00023,ruthenium:0.00023,transplantation:0.000194,nuclides:0.000166,ketones:0.00016,reclamation:0.000151,climatology:0.000145,pigmentation:0.000145,secondary:0.000141,tetrahymena:0.000141,angiosperms:0.000131,henry:0.000119,alamos:0.000111,structure:0.000103,meteorites:9.6e-05,anemones:8.7e-05,executives:8.6e-05,technological:8.5e-05,curating:7e-05,quebec:6.4e-05,catalogue:5.7e-05,meson:5.5e-05,dredge:5.5e-05,multiplicity:5.2e-05,processes:5.1e-05,mechanisms:3.6e-05,cholinergic:3.3e-05,powell:3.1e-05,dsdp:2.8e-05,reconstitution:2.5e-05,triatomic:9e-06,draper:8e-06
topic 17,career:0.083935,framework:0.077954,lead:0.052619,making:0.046669,discovery:0.037755,issues:0.037279,individual:0.035587,decision:0.027813,useful:0.025912,presence:0.024107,experts:0.020889,proposal:0.018828,circuits:0.018533,genome:0.01763,input:0.017269,topological:0.016898,teacher:0.016145,levels:0.016089,contact:0.014872,middle:0.014779,leaders:0.014066,educators:0.014025,causes:0.013798,b:0.011379,geographic:0.011331,n:0.011199,companies:0.010055,choice:0.009726,radar:0.009272,invariants:0.009013,m:0.008823,africa:0.008233,released:0.007713,condition:0.00745,elementary:0.007155,involving:0.007108,lie:0.006961,cues:0.006287,pilot:0.006226,critical:0.006104,polynomial:0.006068,ethical:0.005731,convex:0.00573,oceans:0.005684,static:0.005657,magmatic:0.005361,military:0.005173,utility:0.004732,accelerated:0.004715,aid:0.004673,value:0.00465,invariant:0.004115,mean:0.004078,bodies:0.004066,lithium:0.004033,identification:0.00387,enrichment:0.003861,tracers:0.003757,special:0.003549,anthropology:0.003511,roles:0.003284,dependent:0.003235,aspects:0.00318,resonant:0.003112,planar:0.003083,continuous:0.00307,fresh:0.003069,suspensions:0.002908,emotion:0.002835,lidar:0.002826,transcriptional:0.002786,studying:0.002672,systematic:0.002656,jets:0.002651,probability:0.002561,clock:0.002437,plus:0.002408,ergodic:0.002343,magnetization:0.002238,veterans:0.002137,chromatography:0.001942,consequences:0.001857,implementation:0.001823,generalized:0.001712,seas:0.001672,rotational:0.001605,vesicles:0.001504,multicomponent:0.0015,ii:0.001475,meshes:0.001424,maximal:0.00138,auxin:0.001347,relations:0.001341,civilian:0.001337,anion:0.001288,calcite:0.001184,selection:0.001139,certification:0.001084,polymerase:0.001037,legs:0.001036,breakup:0.000992,bifurcation:0.000984,depositional:0.000974,subspaces:0.000803,earnings:0.000764,tenure:0.00076,blood:0.000716,molds:0.000681,petrologic:0.00068,particulates:0.000677,archean:0.000675,biodegradation:0.000648,rare:0.000638,suspended:0.000633,blacks:0.000543,alkali:0.000486,piecewise:0.00046,lithology:0.000361,indians:0.000355,theoretical:0.00032,spline:0.000316,deduced:0.00031,tritium:0.000309,petrological:0.000238,calorimetric:0.000238,colonizing:0.000213,proprioceptive:0.000128,radiometric:0.000124,refinery:8.3e-05,influence:7.6e-05,leucine:6.1e-05,steady:4.1e-05,hokkaido:3.8e-05
topic 18,cell:0.042391,biological:0.038317,plant:0.033451,diversity:0.031948,biology:0.029274,genetic:0.02876,protein:0.026126,function:0.02405,mechanisms:0.023592,s:0.022978,growth:0.019189,organisms:0.018269,development:0.016609,mantle:0.016582,interactions:0.015647,studies:0.014162,evolution:0.01408,key:0.014044,role:0.013996,membrane:0.012427,ongoing:0.011947,product:0.011771,physiological:0.011706,cycle:0.011436,mechanism:0.011065,different:0.011062,classroom:0.010832,years:0.009852,million:0.009732,project:0.009633,opportunity:0.009525,vehicles:0.00946,regulation:0.009429,subduction:0.00939,changes:0.009351,control:0.008877,process:0.008475,processes:0.008416,novel:0.007648,structure:0.007594,biochemical:0.007502,level:0.007158,consortium:0.007119,universe:0.007007,release:0.006971,formation:0.006935,plan:0.006532,factors:0.006453,initiative:0.006291,zones:0.006005,vehicle:0.005671,minimal:0.005508,functional:0.00541,oceanographic:0.005051,types:0.004974,structural:0.004919,implementing:0.004852,metabolism:0.004678,controlling:0.00457,regular:0.004505,composition:0.00448,body:0.004474,environment:0.004376,potential:0.004281,acid:0.004262,experimental:0.004216,community:0.004109,plasticity:0.004101,lipid:0.004043,influence:0.004012,uptake:0.003789,attitudes:0.00374,model:0.003674,introductory:0.003618,nature:0.003452,modification:0.003411,options:0.003407,amino:0.003405,light:0.003352,incomplete:0.003172,ridge:0.003105,lectures:0.00306,residential:0.00304,effects:0.002987,environmental:0.002983,separate:0.002945,direct:0.002774,isolated:0.002659,theoretic:0.002605,districts:0.002522,isolation:0.002517,mineral:0.002504,controlled:0.002482,depths:0.002459,drawing:0.002402,central:0.002398,site:0.002393,margins:0.00237,patterning:0.002348,probes:0.002272,photosynthetic:0.002234,purification:0.002227,winds:0.002196,origin:0.002167,skin:0.002139,initiation:0.001977,considerations:0.001903,hawaii:0.001809,geochronology:0.001785,coli:0.00178,factor:0.001638,hormone:0.001633,secondary:0.001581,maize:0.001548,hormones:0.001539,biosynthesis:0.001532,wall:0.001526,action:0.001505,submarine:0.001492,coordinated:0.001477,constitutive:0.001461,routine:0.001457,waters:0.001424,transport:0.001415,caribbean:0.001392,programmed:0.00138,hawaiian:0.001362,boundaries:0.001325,characterizations:0.001292,functionally:0.00128,means:0.00123,analogs:0.001227,nutrient:0.00121,neuron:0.001207,soluble:0.001183,stable:0.001178,subtropical:0.001144,adaptations:0.001135,relativistic:0.00113,duality:0.001059,impedance:0.001054,juvenile:0.000976,wound:0.000973,israel:0.00091,determination:0.000893,chain:0.000888,u:0.000848,updating:0.00084,mode:0.000836,genotypes:0.000823,egypt:0.000823,nuclear:0.000814,research:0.000804,frog:0.000797,idaho:0.000794,manganese:0.000791,ships:0.000774,escherichia:0.000748,rearrangements:0.000721,distributional:0.000705,oyster:0.000671,selected:0.000659,strain:0.000652,productivity:0.000638,use:0.000628,wire:0.000622,reconnaissance:0.000597,depleted:0.000585,inducing:0.000557,branched:0.000546,specialist:0.000543,interstitial:0.000516,fish:0.000498,upper:0.000497,vanadium:0.000496,potassium:0.000475,diesel:0.000467,pharmacological:0.000456,carbenes:0.00045,axon:0.000442,microscopic:0.000429,voter:0.000425,mineralogical:0.000378,precambrian:0.000377,integrity:0.000376,study:0.000375,highways:0.000361,related:0.000353,carnivores:0.000347,inhibitor:0.000343,germination:0.000338,culturing:0.000338,starch:0.000327,seismological:0.00032,carbene:0.000307,profiler:0.000274,preparations:0.000253,great:0.000249,spore:0.000244,bacillus:0.000238,planktonic:0.000222,fallout:0.000206,tertiary:0.000197,sheep:0.000195,subtilis:0.000192,sandstone:0.000192,canyons:0.000191,divalent:0.000176,cones:0.000155,glycoproteins:0.000153,inlet:0.000141,elements:0.000138,gill:0.000123,trivalent:0.00012,ribonucleic:0.000106,insecticides:0.000105,universals:7e-05,creole:6e-05,radioisotopes:6e-05,tholeiitic:4.1e-05,comparison:2.7e-05,interrelation:2.5e-05,oilseed:2.2e-05,fluorides:1.6e-05,pisum:1.5e-05,cytokinins:4e-06,proteinase:4e-06,distribution:3e-06,glycogen:3e-06
topic 19,learning:0.104897,approaches:0.055818,data:0.046385,earth:0.044855,way:0.033759,collaborative:0.022321,past:0.020725,north:0.019606,seismic:0.019329,collected:0.017954,core:0.017234,history:0.016269,variability:0.015622,project:0.015343,surface:0.01363,southern:0.011985,time:0.011431,stars:0.010666,study:0.010604,america:0.010398,continental:0.010371,large:0.01037,new:0.010305,entire:0.010119,volcanic:0.009983,rocks:0.009346,crust:0.009237,northern:0.009011,american:0.008392,basin:0.00835,sampling:0.008312,western:0.008051,develop:0.007923,geochemical:0.007865,improved:0.00783,tectonic:0.007779,range:0.007329,waters:0.007323,central:0.006686,magma:0.006591,isotopes:0.006516,geological:0.006404,california:0.006237,variations:0.006106,star:0.006012,fossil:0.005893,future:0.005851,studies:0.005749,near:0.005724,analysis:0.005662,geophysical:0.005593,formation:0.005587,geologic:0.005578,west:0.005512,interior:0.005434,observatory:0.005393,eastern:0.005355,source:0.005303,conjecture:0.005179,lower:0.004821,antarctica:0.004685,associated:0.004579,coast:0.004343,drilling:0.004315,beneath:0.004293,structure:0.004061,arizona:0.004025,valley:0.003907,white:0.003874,activity:0.003744,margin:0.003705,environments:0.0036,mountains:0.003572,folding:0.003438,patterns:0.003255,colorado:0.003255,georgia:0.003068,long:0.003021,laboratory:0.002985,selectivity:0.002978,elements:0.002952,rift:0.002909,basis:0.002897,resolved:0.002857,replication:0.002777,strain:0.002707,portion:0.002525,hemisphere:0.002421,plateau:0.002251,inversion:0.00216,uplift:0.002157,receptor:0.002147,chile:0.002129,diamond:0.002118,periods:0.00211,continent:0.002032,compiler:0.002011,sections:0.001898,complex:0.001857,dwarf:0.001849,investigations:0.001843,washington:0.00182,involvement:0.001807,milky:0.001789,utah:0.001765,investigation:0.001734,exploration:0.001721,processes:0.001685,andes:0.001665,segment:0.001629,contributions:0.001567,basalts:0.001524,gaussian:0.001513,mexico:0.001511,ship:0.001402,cretaceous:0.001397,paleomagnetic:0.001369,ecologically:0.001362,reconstructing:0.00136,wyoming:0.001318,episodic:0.001302,diverse:0.001277,means:0.001249,province:0.001237,constants:0.001211,embryo:0.001203,maine:0.001192,branching:0.001076,metamorphic:0.001074,relevant:0.001053,direct:0.001036,systematic:0.001028,faulting:0.001025,abnormal:0.001021,crystallography:0.001008,petrology:0.000939,peru:0.000889,enterprises:0.00085,binary:0.00083,geodynamics:0.000822,mineralization:0.00082,paleoecological:0.000782,phases:0.000746,grande:0.00074,higher:0.00071,rio:0.000705,paleontology:0.000673,high:0.000668,extensional:0.000666,plutonic:0.00066,paleontological:0.00066,paleozoic:0.000659,successive:0.000656,petroleum:0.00055,synoptic:0.000545,morphological:0.000528,observation:0.000522,climatology:0.000513,elongation:0.000503,urchin:0.000493,normal:0.000475,climatic:0.000408,tertiary:0.000401,icelandic:0.000367,cytochrome:0.000364,photometry:0.000345,continuation:0.00034,elastic:0.000336,chloroplasts:0.000323,synapse:0.000322,pile:0.000319,anvil:0.000309,faunas:0.000286,polysaccharides:0.000283,brillouin:0.000275,institution:0.000271,wisconsin:0.000269,thorium:0.000249,determination:0.000241,ultralow:0.000229,poisoning:0.000206,ru:0.000189,scs:0.000174,evaluation:0.000171,paleomagnetism:0.000163,invertebrate:0.000146,magellanic:0.000135,unimolecular:0.000121,enantiomers:0.000119,socorro:0.000118,zonation:0.000116,philippine:0.000112,oxidations:0.000112,grasshopper:7.5e-05,mesophases:7.2e-05,polarimetry:6.4e-05,zeeman:6.1e-05,ultrastructure:5.9e-05,palynology:5.7e-05,cytology:2.5e-05,kbar:7e-06,ellsworth:3e-06
topic 20,materials:0.079408,undergraduate:0.060936,chemistry:0.032951,properties:0.028393,ability:0.021167,surface:0.020866,research:0.020755,fundamental:0.018491,experiments:0.018379,optical:0.01802,molecular:0.017855,high:0.015375,chemical:0.014584,new:0.014403,light:0.013592,structure:0.013035,electronic:0.012538,phase:0.012098,laboratory:0.010994,molecules:0.010404,award:0.01032,web:0.010058,experimental:0.009967,characterization:0.009921,mechanical:0.009576,electron:0.009207,program:0.00917,interface:0.00864,control:0.008589,growing:0.008362,surfaces:0.00824,polymers:0.007898,laser:0.007704,single:0.007625,spectroscopy:0.00726,studies:0.007168,improve:0.006968,microscopy:0.006685,tests:0.006362,range:0.006293,structural:0.006018,growth:0.005808,catalysts:0.005677,potential:0.005555,controlled:0.005451,interactions:0.005446,c:0.005349,visualization:0.005346,crystal:0.005222,metals:0.005221,iron:0.005174,solid:0.005112,state:0.00495,literature:0.00481,force:0.004764,rapid:0.004756,transfer:0.004669,biological:0.004645,dioxide:0.004549,precise:0.004505,catalytic:0.004415,catalysis:0.00441,volume:0.004388,technical:0.004354,resolution:0.004257,crystals:0.004242,use:0.00421,large:0.004199,direct:0.004182,project:0.004117,oxide:0.004037,temperature:0.004019,techniques:0.003959,based:0.003915,transitions:0.003761,study:0.003684,area:0.003389,synthesis:0.003383,expansion:0.003317,hazards:0.003314,forests:0.003282,identity:0.003269,silicon:0.003265,involving:0.00321,kinetics:0.003134,impact:0.003085,biomedical:0.003014,transition:0.003013,alloys:0.002891,interfacial:0.002803,controlling:0.002797,analytical:0.002744,facilities:0.002725,formation:0.002703,infrared:0.002675,semiconductors:0.002514,technological:0.00251,having:0.002502,metallic:0.002466,transform:0.002338,strain:0.002314,component:0.002314,beam:0.002307,small:0.002236,free:0.002232,waste:0.002201,effect:0.002191,mechanism:0.002165,tunable:0.002136,development:0.00212,determine:0.002093,crystalline:0.002051,friction:0.002045,reduction:0.002041,macromolecular:0.001993,basic:0.001974,defining:0.001915,interaction:0.001855,sensitive:0.001836,function:0.001811,layers:0.001804,occurrence:0.001783,processes:0.001781,band:0.001696,improvements:0.001681,polarization:0.001668,media:0.001637,production:0.001632,elements:0.001626,induced:0.001587,radical:0.001563,course:0.001502,chemically:0.001498,coherent:0.001496,mineral:0.00144,ethnic:0.001436,collective:0.001416,females:0.001359,rigid:0.001332,scattering:0.001323,heterogeneous:0.001315,feed:0.001295,produced:0.001292,thermal:0.00128,experiment:0.001241,flat:0.001237,peptide:0.001221,concepts:0.001209,ii:0.001175,contextual:0.001168,compound:0.001104,polymerization:0.001098,males:0.001089,applications:0.001076,chain:0.001065,nerve:0.001056,wear:0.001044,related:0.001041,measuring:0.001016,tension:0.001007,bubbles:0.000983,centralized:0.00098,chinese:0.000979,near:0.000956,far:0.000943,translational:0.000902,coordination:0.000874,rare:0.000862,treatment:0.000862,transit:0.000861,static:0.000857,serving:0.000852,monitoring:0.000832,vortex:0.000819,investigation:0.000816,hydrocarbons:0.000812,crack:0.000806,macromolecules:0.000788,generalizations:0.000766,means:0.000763,determination:0.000756,effects:0.000718,drops:0.000706,deformable:0.00068,conversion:0.000677,incident:0.000655,employing:0.000629,role:0.000622,decomposition:0.00062,elucidation:0.000609,bering:0.000601,rheological:0.000581,oscillators:0.000544,contributions:0.000544,van:0.000536,gaseous:0.000515,coal:0.000508,series:0.000491,solidification:0.000489,polycrystalline:0.000469,buffer:0.000449,irradiation:0.000448,der:0.000439,terminal:0.000411,injected:0.000406,projects:0.000398,platinum:0.000396,factors:0.00039,total:0.000377,waals:0.000376,magnetically:0.000365,nitric:0.000364,exploratory:0.00034,generator:0.000335,calorimetry:0.000331,methyl:0.000306,applied:0.000289,comparison:0.000283,seagrass:0.000282,purchase:0.000274,oil:0.000273,flames:0.000272,lowland:0.000268,aspects:0.000264,bioinorganic:0.000263,diffractometer:0.00025,kinetic:0.000248,relationships:0.000245,containment:0.000242,determinations:0.000241,general:0.000237,microbiology:0.000233,steels:0.000232,fcc:0.000229,seeding:0.000228,isolating:0.00022,electrochemical:0.000191,heterojunction:0.000188,motions:0.000187,equipment:0.000186,chlorinated:0.000182,thermomechanical:0.00018,tobacco:0.000165,fugacity:0.00016,negative:0.000156,bipolar:0.000151,auger:0.00015,anticancer:0.000136,detritus:0.000135,antiviral:0.000127,relaxation:0.000124,hip:0.000118,intermetallics:0.00011,aeronomy:0.000105,specialized:0.0001,meat:9.4e-05,sources:9e-05,palm:8.2e-05,mercury:7.7e-05,scientific:6.5e-05,increments:6.5e-05,tryptophan:5.9e-05,residuals:5.5e-05,influence:3.3e-05,artic:3.2e-05,factor:3.1e-05,microbeam:2.7e-05,chelate:2.6e-05,peripherals:1.6e-05,restraint:1.5e-05,testing:8e-06,environmental:4e-06,technetium:3e-06,energy:2e-06
topic 21,conference:0.066951,workshop:0.066796,international:0.061096,support:0.041829,people:0.036395,optimization:0.03468,college:0.02943,sciences:0.027059,objectives:0.024929,cognitive:0.023474,field:0.022058,university:0.021712,held:0.020872,main:0.02017,proposal:0.019986,abstract:0.018719,fault:0.016959,topics:0.016505,symposium:0.014518,california:0.013204,evaluate:0.012922,reduced:0.012721,exchange:0.012027,antarctic:0.011752,progress:0.011089,connected:0.009377,united:0.009225,major:0.009148,states:0.009057,san:0.007754,federal:0.007683,manifolds:0.007641,contributing:0.007599,institutional:0.007345,maintaining:0.006613,state:0.006598,scientific:0.006368,iv:0.006092,active:0.005702,related:0.005656,station:0.005495,degree:0.005288,june:0.005161,fusion:0.00511,relevant:0.005073,technical:0.004839,conduct:0.004715,park:0.004535,responsible:0.004279,research:0.004271,purposes:0.004179,south:0.004051,curvature:0.004046,cooperation:0.003973,interaction:0.003935,crops:0.003907,elevated:0.003868,ohio:0.003835,room:0.003821,neuronal:0.003722,requirements:0.003721,domestic:0.003591,specific:0.003567,activity:0.003505,berkeley:0.003383,institution:0.003371,group:0.003345,dual:0.003259,august:0.003247,santa:0.003244,maryland:0.003131,specification:0.003101,disseminating:0.003094,march:0.003016,manifold:0.002962,inventory:0.002901,outputs:0.002854,organization:0.0027,seminars:0.002667,september:0.00265,displacement:0.002458,elemental:0.002458,australia:0.002377,congress:0.002283,efficiency:0.002236,total:0.002185,peninsula:0.002117,new:0.00211,meteorological:0.002012,oceans:0.001885,hydrodynamics:0.001867,integer:0.001782,francisco:0.001771,clay:0.00175,barbara:0.00175,region:0.001719,synchrotron:0.001696,strategies:0.001669,enriched:0.001638,louisiana:0.001629,breakdown:0.001618,pole:0.001617,riemannian:0.001484,distortion:0.001347,andreas:0.001166,york:0.001039,syntactic:0.001038,lands:0.001035,polar:0.001019,higher:0.001009,filament:0.000979,extract:0.000934,attempted:0.000934,northwest:0.000909,interactions:0.000856,frontal:0.000798,valence:0.000763,atp:0.000753,orleans:0.000731,centers:0.00073,mexico:0.000716,cilia:0.000695,far:0.000665,floor:0.000663,positivity:0.00064,schedules:0.000613,loadings:0.000604,cellulosic:0.000601,ribosome:0.000583,residue:0.000564,dichalcogenides:0.00056,relation:0.000553,centennial:0.000524,sewage:0.00051,southern:0.000497,intercalation:0.00049,satellite:0.000484,flagella:0.000482,establishment:0.000464,luminous:0.000462,regions:0.000449,northeastern:0.000448,palmer:0.000366,baja:0.000346,west:0.00034,seventh:0.000337,stimulation:0.000333,tubular:0.000328,anomalously:0.000327,reversed:0.000313,halides:0.000303,protective:0.000268,leaching:0.000244,mitotic:0.000238,dynamical:0.000225,small:0.000223,scotia:0.000221,direct:0.000204,coal:0.000172,osmium:0.00016,assisted:0.000157,adducts:0.000149,singly:0.00014,ores:0.000135,klamath:0.000134,pyridine:0.000122,liquefied:0.00012,judging:0.000108,flocculation:0.0001,chang:9.4e-05,lactones:9e-05,niobium:8.7e-05,alanine:2.4e-05,polyacrylamide:2e-05,superconductive:1.1e-05,positronium:7e-06,mixed:6e-06,chemiluminescent:5e-06,sesquiterpene:2e-06
topic 22,energy:0.093667,chemical:0.047378,organic:0.04367,solar:0.031428,skills:0.030886,synthesis:0.03078,reactions:0.027809,metal:0.02751,compounds:0.019858,mass:0.018579,novel:0.018296,program:0.016936,formation:0.016536,molecules:0.01583,reliable:0.015713,conferences:0.015598,gas:0.014964,radio:0.014078,graph:0.013085,driven:0.012901,renewable:0.012217,fuel:0.012096,ion:0.012047,conversion:0.011975,galaxies:0.011261,awareness:0.011204,complexes:0.011172,flux:0.010498,clusters:0.010486,studies:0.010161,plasma:0.00954,ions:0.009312,oxidation:0.009267,form:0.009222,nuclear:0.009073,emissions:0.008983,including:0.008417,processes:0.00833,electrochemical:0.007958,resonance:0.007796,inorganic:0.007754,reactive:0.007705,separation:0.007183,award:0.006949,utilized:0.006927,bone:0.006707,enzyme:0.006026,combustion:0.006016,nmr:0.006011,frequencies:0.005395,sulfur:0.005353,ii:0.005236,spectra:0.005107,ligands:0.005044,redox:0.005003,transition:0.004932,new:0.00484,fluorescence:0.004787,stellar:0.004732,oxides:0.004661,bond:0.004591,virginia:0.004567,measurements:0.004266,containing:0.004218,phosphorus:0.004197,trophic:0.00399,kinetic:0.003869,mechanism:0.003851,magnetic:0.003682,acid:0.003519,nuclei:0.003338,acceleration:0.003334,procedure:0.003329,preparation:0.003299,raman:0.003243,group:0.003003,expedition:0.002955,thermodynamic:0.002793,elements:0.002733,advanced:0.002548,investigations:0.002531,process:0.002526,photochemical:0.002443,unusual:0.002407,reagents:0.002236,radiocarbon:0.002223,carbon:0.002208,small:0.002206,sign:0.002127,utilizing:0.002104,amazon:0.002068,inspection:0.002005,structure:0.00198,ordering:0.001959,organometallic:0.001925,planned:0.001886,transient:0.001748,direct:0.001692,spots:0.001592,traps:0.00156,electrochemistry:0.00147,microscopic:0.001441,shelves:0.001389,variable:0.001373,electron:0.001372,generated:0.001344,italy:0.001321,tube:0.001319,pollutant:0.00128,exchange:0.001261,measurement:0.001233,prosthetic:0.001225,heated:0.001201,epr:0.001157,fractures:0.001072,groups:0.000999,investigation:0.000966,conceptually:0.000932,physical:0.000904,alpha:0.000903,photophysical:0.000902,microtubules:0.000892,coping:0.000855,luminescence:0.000854,coordinated:0.000788,secretion:0.000787,determination:0.00077,intensities:0.000718,gross:0.00067,electrons:0.000661,georgetown:0.00066,moored:0.000628,aerosols:0.000598,electrical:0.000545,triassic:0.000536,role:0.000535,significance:0.000529,sulfides:0.000521,rochester:0.000505,carolina:0.000494,bounding:0.000475,multichannel:0.000461,complexation:0.000451,cyclotron:0.00045,inlet:0.00041,oocytes:0.000374,monodisperse:0.000372,extragalactic:0.000368,preexisting:0.000352,helix:0.000291,purchase:0.000284,high:0.000273,means:0.000232,thermally:0.000216,long:0.000211,sprays:0.000205,measuring:0.00018,isolation:0.000171,study:0.000156,carotenoids:0.000155,continuation:0.00014,golgi:0.000128,large:9.5e-05,polychlorinated:8.1e-05,macroinvertebrates:7.4e-05,pakistani:5e-05,biphenyls:4.3e-05,charlottesville:4e-05,nato:1.3e-05
topic 23,theory:0.129605,problems:0.107656,methods:0.064822,problem:0.045366,analysis:0.040255,solutions:0.038976,equations:0.034169,traditional:0.023518,computation:0.020898,differential:0.020129,large:0.018026,solution:0.017071,extreme:0.016379,study:0.016158,solving:0.013978,inference:0.013822,partial:0.013627,numerical:0.013129,resulting:0.013076,linear:0.012949,grid:0.012573,related:0.012398,applied:0.011721,models:0.011667,proposal:0.011063,sciences:0.010646,project:0.010274,bulk:0.009652,area:0.009427,edge:0.009153,robot:0.00893,respect:0.007859,heart:0.007754,arising:0.007492,efficiency:0.007422,coding:0.007415,guidance:0.007213,points:0.006967,analytic:0.006886,case:0.006757,equilibrium:0.005563,function:0.005274,continuum:0.004859,glasses:0.004543,transform:0.004491,employment:0.004119,trade:0.004099,application:0.004049,multivariate:0.00384,detected:0.003677,qualitative:0.003645,wave:0.003616,relations:0.003382,c:0.003374,group:0.003291,phenomenon:0.003218,higher:0.00314,field:0.00312,fourier:0.003039,ultrasound:0.002868,theorem:0.002739,direct:0.002716,scale:0.002703,price:0.002671,demonstrate:0.002593,shock:0.002326,proving:0.002247,physical:0.002243,chromosomes:0.002055,parasites:0.001957,anomaly:0.001935,yielding:0.001893,computing:0.001813,equilibria:0.001771,systematics:0.001699,optically:0.001489,instructions:0.00148,december:0.001462,chronology:0.001459,vicinity:0.001405,damping:0.001331,optimality:0.001252,heuristic:0.001247,industries:0.001243,foods:0.001169,contract:0.001048,degree:0.001037,explorations:0.001034,cultivation:0.001031,galerkin:0.000965,nucleotide:0.000919,descent:0.000863,repetitive:0.000861,eggs:0.000827,dislocation:0.000824,speed:0.000817,investigation:0.000809,arcs:0.000788,ductility:0.000775,portability:0.000699,soc:0.000658,small:0.00062,crystallography:0.000586,polymorphism:0.000509,corner:0.000455,behavior:0.000434,resistivity:0.00033,shield:0.000295,u:0.000268,midge:0.00024,laurentide:0.000236,fluidized:0.000225,dnas:0.000177,paleogeographic:0.000138,simultaneous:0.000125,venezuela:0.000116,pasadena:9.3e-05,hydrogenated:9e-05,silurian:5.2e-05,phosphorescence:3.8e-05,ing:2.1e-05,chlorite:1e-05,sfc:8e-06
topic 24,understanding:0.185688,water:0.072587,ocean:0.052793,processes:0.038106,marine:0.026008,members:0.021875,young:0.020471,content:0.019139,measurements:0.018526,sea:0.018201,scales:0.014254,universities:0.014085,field:0.013237,sediment:0.012425,coupled:0.012238,pacific:0.011589,zone:0.011114,limited:0.010979,capability:0.010403,main:0.009881,semiconductor:0.009749,critical:0.009474,transport:0.009233,levels:0.009208,atmospheric:0.00912,physical:0.008975,sequencing:0.008826,test:0.00861,nutrient:0.008415,regional:0.008208,face:0.008111,isotopic:0.007658,atlantic:0.007456,sediments:0.007446,rock:0.007444,oceanic:0.007376,providing:0.007354,enzymes:0.007232,study:0.006752,ancient:0.006584,stream:0.006519,resolution:0.006461,conceptual:0.006442,characterizing:0.006334,document:0.006187,current:0.006133,comprehensive:0.005906,matter:0.005627,obtain:0.005409,automatic:0.005404,laws:0.005394,shelf:0.005269,treatment:0.005262,mixed:0.005002,distribution:0.004878,north:0.004604,reef:0.004437,relationships:0.004397,wastewater:0.00436,removal:0.004078,photosynthesis:0.003832,carbonate:0.003774,biological:0.003738,layer:0.003579,reefs:0.003534,electrodes:0.00352,retrieval:0.003494,concerned:0.003423,formation:0.003387,electrode:0.003285,b:0.003244,spring:0.003149,particulate:0.003075,english:0.003022,older:0.003001,usa:0.002967,photon:0.002808,associated:0.002742,drinking:0.002535,chemical:0.002501,measuring:0.002371,aerosols:0.002297,organized:0.00202,supplies:0.001938,continuous:0.001915,orbital:0.001888,centuries:0.001876,separated:0.001848,uncertainties:0.001846,trace:0.001782,skeletal:0.00176,vessel:0.001688,desert:0.001559,rare:0.001553,instrumental:0.001516,experiment:0.001515,elasticity:0.001502,determined:0.001491,inclusions:0.001445,analytical:0.001375,coexistence:0.001366,productivity:0.001364,sedimentation:0.001364,vessels:0.001349,transparency:0.001335,aspects:0.001293,alterations:0.001284,fauna:0.001092,municipal:0.001063,measurement:0.000997,butterflies:0.000994,variations:0.000982,reflection:0.000954,grasslands:0.000938,gases:0.000896,influencing:0.000866,genera:0.000821,utilizing:0.000769,carbonates:0.000752,modulus:0.000751,background:0.000748,elements:0.000746,southwestern:0.000636,utilization:0.000627,investigations:0.000625,mid:0.000593,studies:0.000573,profile:0.000555,calibrating:0.000485,metamorphism:0.000472,southern:0.000468,batch:0.000466,leg:0.000457,selected:0.000403,thermocline:0.000387,satisfied:0.000386,inhabiting:0.000374,geochemical:0.000372,montane:0.000367,diagenetic:0.000346,vitamin:0.000318,heme:0.000317,xenoliths:0.000297,leaf:0.000296,scientific:0.000282,patchy:0.00028,knoxville:0.000271,revitalization:0.000257,ultramafic:0.000203,hydrocarbons:0.000202,belgium:0.00019,softening:0.000183,woodland:0.000181,tahoe:0.00011,hull:0.000107,mutagenic:8.3e-05,tuff:7.9e-05,feasibility:7.9e-05,imperfectly:7.2e-05,heterometallic:2.8e-05,high:2.5e-05,mineralogic:2e-05,resarch:1.7e-05,oceanus:1.5e-05,deductions:1.3e-05,micropaleontological:1.1e-05,eugenics:7e-06,geosecs:6e-06,gibberellins:3e-06,kimberlite:2e-06,pisces:1e-06
topic 25,research:0.130792,science:0.074436,program:0.046889,engineering:0.04366,project:0.04293,university:0.037419,proposed:0.028442,school:0.02682,activities:0.025949,scientific:0.023252,national:0.017176,development:0.016753,programs:0.016464,participation:0.016377,experience:0.016224,projects:0.015585,high:0.014822,imaging:0.014501,integrated:0.013917,groups:0.013896,teachers:0.013096,state:0.013044,teaching:0.0121,collaborative:0.011508,providing:0.011054,women:0.010945,technology:0.010818,course:0.010802,increase:0.009716,impact:0.008791,fields:0.007935,involved:0.007745,innovation:0.007679,minority:0.007621,curriculum:0.007322,local:0.006984,question:0.006944,careers:0.006768,technical:0.006569,concepts:0.006421,institute:0.005939,american:0.005825,resources:0.005563,environment:0.005247,representation:0.005099,annual:0.004922,field:0.004762,industrial:0.004585,environmental:0.00456,institution:0.004528,statistics:0.004222,component:0.003691,contributions:0.003611,developments:0.003514,algebra:0.003398,requirements:0.003393,related:0.003351,involving:0.003328,home:0.003209,industry:0.002927,equation:0.002866,use:0.002799,sharing:0.002775,calculations:0.002655,interface:0.002639,instruction:0.002524,evaluation:0.00252,planning:0.002513,instructional:0.002509,preparation:0.002416,algebras:0.002288,based:0.002238,contemporary:0.002138,carolina:0.00198,operator:0.001969,joint:0.001962,family:0.001912,secondary:0.001772,recent:0.001737,legal:0.001713,representative:0.001674,contexts:0.001633,nearby:0.001623,hyperbolic:0.001576,coordinated:0.001476,general:0.001437,americans:0.001331,studying:0.001261,capital:0.001248,july:0.001203,background:0.001149,peptides:0.00112,audio:0.001097,discoveries:0.001015,ensemble:0.000997,units:0.000937,governments:0.000912,uses:0.000851,biological:0.000828,sponsored:0.000825,hall:0.000824,attracting:0.000824,explaining:0.000811,black:0.000808,pollen:0.000773,doctoral:0.000766,minnesota:0.000762,grades:0.000731,harvard:0.000704,roles:0.000703,predictability:0.000686,retaining:0.00068,wisconsin:0.000661,april:0.000638,linkage:0.000624,rule:0.000593,role:0.000557,culture:0.000541,unit:0.000532,improvement:0.000504,assisted:0.000494,physical:0.000493,deviations:0.000459,courts:0.000436,madison:0.000425,solubility:0.000423,interaction:0.000411,revenue:0.000409,employing:0.0004,adoption:0.000384,polytechnic:0.000378,rings:0.000359,quantization:0.00034,rhode:0.000298,study:0.000295,seniors:0.00027,garnet:0.000248,ideals:0.000245,fiscal:0.000231,supplemental:0.00022,judges:0.000219,cooperation:0.000215,oxygenation:0.000198,prize:0.00018,october:0.000169,coexisting:0.000162,crab:0.000135,subunit:0.000123,nobel:0.000118,poland:0.000112,nursing:0.000111,sargasso:0.00011,surplus:9.7e-05,purchasing:8.8e-05,chara:7.9e-05,cod:7.9e-05,ninth:7.7e-05,cultural:7.6e-05,charleston:7.3e-05,resistivity:7.2e-05,taxation:7e-05,solidified:6.3e-05,utilization:6.2e-05,subgroups:6e-05,manpower:5.8e-05,serotonin:5.7e-05,factorizations:4.1e-05,cyclonic:3.4e-05,photometer:3.3e-05,prince:3e-05,wales:2.6e-05,fredholm:2.2e-05,railroad:1.8e-05,vuv:1.7e-05,natural:1.4e-05,bryozoans:2e-06
topic 26,developing:0.070151,unique:0.048,known:0.035836,context:0.031056,brain:0.02978,platform:0.028575,dna:0.027602,underlying:0.02686,memory:0.02516,workshops:0.024511,practices:0.024124,novel:0.022319,existing:0.022195,synthetic:0.020455,image:0.017892,host:0.017783,deformation:0.016203,organizations:0.015983,fundamental:0.01541,relevant:0.014676,animal:0.014336,forces:0.014319,availability:0.013682,recognition:0.013581,addressed:0.012718,critical:0.012443,mechanisms:0.012201,cycling:0.011087,plate:0.010912,agricultural:0.010767,generated:0.010413,including:0.009977,set:0.009962,streams:0.009391,organization:0.008532,major:0.007087,recent:0.006993,trees:0.006637,regions:0.006561,leadership:0.006318,gravitational:0.006017,insects:0.005778,great:0.005384,fate:0.005298,test:0.005207,units:0.005104,possible:0.005026,tolerance:0.005025,affecting:0.004889,normal:0.004772,act:0.004695,morphological:0.004672,aspects:0.004655,job:0.004527,environmentally:0.004477,simple:0.004418,drugs:0.004342,polymeric:0.004325,pattern:0.004325,symplectic:0.004012,collapse:0.003937,dependent:0.00389,highly:0.003853,specialized:0.003732,recording:0.003636,disturbance:0.003548,tectonics:0.003515,produced:0.003489,obtained:0.003355,hydraulic:0.00335,variants:0.003156,specifications:0.003062,auditory:0.003015,capturing:0.003,unusual:0.002977,viscosity:0.002951,fourth:0.002888,district:0.002881,hydrodynamic:0.00287,stanford:0.002809,direct:0.0028,antennas:0.002671,characteristic:0.002566,controls:0.002556,f:0.002421,standards:0.002362,defenses:0.002348,prime:0.002293,influences:0.002247,administration:0.002219,small:0.002214,geophysics:0.002123,closed:0.002112,cellulose:0.002064,basic:0.002028,delta:0.002025,microscopic:0.001947,radicals:0.001911,sliding:0.001896,isolated:0.001884,bubble:0.001821,plains:0.001669,immunity:0.001667,sorting:0.001664,testing:0.001603,axial:0.001499,union:0.001496,satisfaction:0.001487,bilayer:0.001479,inhibition:0.001472,mutant:0.001445,hill:0.001405,leakage:0.001378,magnesium:0.001366,induction:0.001325,excitations:0.001211,olivine:0.001152,spinal:0.001124,insertion:0.001114,uses:0.001108,temporary:0.001107,relations:0.001091,basalt:0.001073,basement:0.001002,architecture:0.000963,cleavage:0.000894,utah:0.000844,petroleum:0.000833,displayed:0.000823,floor:0.00082,spiders:0.000785,hydrolysis:0.000742,terrane:0.000709,chapel:0.00069,recharge:0.000671,scanner:0.000588,paleoclimatology:0.000571,extrusion:0.000563,controlled:0.000559,superfluid:0.00055,predatory:0.000465,iodine:0.000453,mat:0.000432,bacteriophage:0.000347,columbus:0.000308,cylinder:0.000301,rheological:0.00029,renal:0.000252,bonding:0.000231,criteria:0.000197,microanalysis:0.000194,plasmids:0.000167,pretreatment:0.000163,algebraically:0.000158,lying:0.000153,administrator:0.000151,chiroptical:0.000148,removal:0.000123,unactivated:0.000114,gasification:9.5e-05,magnetostratigraphy:7.9e-05,substituted:7.9e-05,grenville:7.7e-05,miner:7.3e-05,kerogen:6.4e-05,intermountain:6.4e-05,faulted:6.2e-05,endonucleases:6e-05,bioelectric:5.2e-05,ethological:5.1e-05,heteroatoms:4.7e-05,petrological:4.2e-05,tubules:3.8e-05,chelates:2.6e-05,socialist:2.5e-05,sublethal:6e-06,tions:6e-06,continous:2e-06,radiolarian:1e-06
topic 27,monitoring:0.050273,statistical:0.047774,sets:0.043482,risk:0.042388,parallel:0.041923,neural:0.03834,rapid:0.037497,plan:0.036338,array:0.034814,costs:0.030803,integrating:0.028962,focus:0.027016,estimation:0.025886,river:0.022575,automated:0.022021,treatment:0.018124,balance:0.017987,known:0.017793,sequences:0.017717,planning:0.01767,areas:0.016771,economics:0.015961,migration:0.015732,approximation:0.015242,green:0.014508,civil:0.012042,reconstruction:0.011328,assessments:0.010776,localization:0.010417,private:0.010344,works:0.01032,convergence:0.01025,fall:0.009538,asymptotic:0.009429,ages:0.00942,early:0.009275,committee:0.00857,illinois:0.008188,sequential:0.007331,point:0.007241,singular:0.007202,e:0.007168,warm:0.00652,mesoscale:0.006313,polynomials:0.005251,primate:0.005182,fossils:0.004782,archaeology:0.00472,perturbation:0.0046,wetland:0.004533,administrators:0.004423,basins:0.004263,southwest:0.004174,historic:0.004115,alteration:0.00393,flash:0.003855,planned:0.003761,january:0.003301,single:0.003286,sodium:0.003179,advisory:0.003157,phonon:0.00312,subsistence:0.003004,area:0.002955,turning:0.002552,gate:0.002548,aquifers:0.002335,crises:0.002304,transferring:0.002221,restriction:0.002045,conditioning:0.001845,graded:0.001832,demography:0.001675,fouling:0.001671,april:0.001667,simultaneous:0.001582,creek:0.001569,rural:0.001539,appalachian:0.0015,southeastern:0.001461,aspects:0.001448,effluent:0.00135,mesozoic:0.001225,photolysis:0.00116,bayes:0.001135,augmentation:0.001072,lesser:0.001067,joint:0.001055,chalcogenides:0.00103,zeros:0.001021,coherent:0.000905,consulting:0.000899,utilizing:0.000865,lizard:0.000721,recorders:0.000615,truncated:0.000608,trout:0.000548,silicates:0.000515,feasibility:0.000378,hominid:0.000341,secretory:0.000328,allelic:0.000321,antilles:0.000291,vaporization:0.00028,lymphocytes:0.000229,urbana:0.000228,iran:0.000198,wash:0.000196,asilomar:0.000163,truncation:0.000161,epithelia:0.000156,osmoregulatory:0.00012,longwave:0.000118,startle:3.8e-05,ofthe:9e-06
topic 28,systems:0.074246,design:0.056788,applications:0.044048,computational:0.039279,performance:0.03276,devices:0.029491,complex:0.02914,structures:0.023782,variety:0.019119,approach:0.018464,enhance:0.016513,processing:0.016497,high:0.015064,space:0.015004,including:0.013764,benefit:0.013234,practical:0.012412,cost:0.012207,critical:0.012111,broad:0.012098,leading:0.011722,range:0.010574,similar:0.01054,different:0.010517,polymer:0.010444,small:0.009921,method:0.009745,energy:0.009482,number:0.009207,application:0.009177,terms:0.008804,evidence:0.008513,current:0.008305,storage:0.008042,results:0.00779,specific:0.00751,properties:0.007449,structural:0.007205,dynamic:0.007147,types:0.006614,low:0.006296,basis:0.006001,fabrication:0.005972,possible:0.005871,theoretical:0.005829,nonlinear:0.005426,damage:0.005375,operations:0.005316,transmission:0.005263,mechanical:0.005137,matrix:0.005059,area:0.005025,realistic:0.00487,schemes:0.004671,physical:0.004557,aspects:0.004557,impact:0.004516,optimal:0.004494,fields:0.004278,long:0.00424,point:0.004148,core:0.003997,project:0.003976,technical:0.003965,binding:0.00393,manipulation:0.00383,interacting:0.003792,defects:0.00359,responsible:0.003574,validation:0.00356,heterogeneous:0.003509,means:0.003435,film:0.003407,research:0.003342,occurring:0.003217,naturally:0.003178,experimental:0.003134,agriculture:0.003018,short:0.00297,composite:0.002944,size:0.0029,heterogeneity:0.002893,contrast:0.002884,display:0.002863,present:0.002835,strategies:0.002773,alternative:0.002741,sharing:0.00265,life:0.002423,degree:0.002405,glass:0.002367,exploration:0.002356,parameter:0.002255,stimuli:0.002237,library:0.002234,ionic:0.002232,periodic:0.002203,associated:0.002195,operation:0.00219,suitable:0.002069,vapor:0.002058,perturbations:0.001847,voltage:0.001794,fracture:0.001773,vector:0.001705,modeling:0.0017,attention:0.001681,electronic:0.001618,mechanisms:0.001586,extensions:0.001578,structure:0.00153,phase:0.001526,basic:0.001488,cosmic:0.001483,emphasis:0.001462,measures:0.001445,primary:0.001392,baseline:0.001343,points:0.001334,orders:0.001317,fidelity:0.00126,layered:0.001244,correctness:0.001211,pricing:0.001198,gaining:0.001192,behavior:0.001179,mean:0.001171,leaves:0.001148,specialized:0.001144,showing:0.001117,equilibrium:0.001075,conformational:0.00105,ceramics:0.001006,criteria:0.000997,amplitude:0.000995,centers:0.000985,investigations:0.000946,plankton:0.000924,tight:0.000923,linear:0.000921,isolation:0.000901,passage:0.000898,specimen:0.00087,microstructures:0.000854,transient:0.000836,thermodynamic:0.000826,aircraft:0.000819,reactor:0.000788,colonies:0.000775,chromosome:0.000766,louis:0.000762,maintained:0.000725,sphere:0.000713,deposition:0.000711,operational:0.000703,investigation:0.000687,reactors:0.000659,nascent:0.00065,meter:0.000646,lengths:0.000636,evaporation:0.000625,factor:0.000623,glassy:0.000609,rays:0.000604,kentucky:0.000601,toughness:0.000596,circular:0.000589,pyrolysis:0.000587,curvature:0.000506,silicon:0.000498,boiling:0.000486,solid:0.000485,delaware:0.000484,invertebrates:0.000481,grass:0.000476,stresses:0.000474,stable:0.000472,empirical:0.000464,cold:0.00046,cracking:0.000458,upstream:0.000456,interferometer:0.000449,cryptic:0.000446,criterion:0.000445,monthly:0.000435,development:0.000423,saturated:0.000381,conformations:0.000374,distributions:0.00036,oil:0.000348,tubes:0.00033,band:0.000314,milk:0.000313,state:0.000312,cultured:0.000304,function:0.000275,hydrates:0.000271,cylindrical:0.000261,acids:0.00026,prediction:0.000257,observer:0.000256,surrounded:0.00024,refractory:0.000235,selected:0.000235,hydrogenation:0.000234,shells:0.000232,interactions:0.000218,dichroism:0.000217,evaluation:0.000216,charts:0.00021,interplanetary:0.00021,variations:0.00021,inclusion:0.000191,halide:0.000184,drake:0.000183,spectrometric:0.00018,hecke:0.000175,terminal:0.000175,cytoplasmic:0.000173,kenyan:0.000169,quantized:0.000158,photoemission:0.000152,relationship:0.000147,alkaline:0.000144,tendencies:0.000141,use:0.000141,excursions:0.000123,molten:0.000122,cloning:0.000119,clustering:0.000108,recorder:9.2e-05,trans:7.3e-05,petrogenetic:5.3e-05,pounds:5.1e-05,chelation:4.6e-05,microparticle:4.2e-05,lexington:3.6e-05,polypeptides:3.4e-05,outcrossing:2.6e-05,mays:2.4e-05,multiobjective:2.1e-05,zea:1.7e-05,diazo:1.6e-05,related:1.6e-05,oxidases:1.4e-05,nucleoside:1.4e-05,cytokinin:1.4e-05,polynuclear:1.2e-05,collapsible:1.1e-05,disordering:9e-06,crt:9e-06,environment:4e-06,response:4e-06,eucaryotic:3e-06
topic 29,data:0.211122,student:0.055305,community:0.049619,project:0.0488,available:0.042302,information:0.042186,management:0.031696,summer:0.023863,analysis:0.023368,policy:0.019657,manufacturing:0.018937,professional:0.016637,collection:0.013567,different:0.013558,scientific:0.013335,urban:0.011802,market:0.010409,assessment:0.010107,support:0.009985,tissue:0.00957,education:0.009439,electric:0.009343,comprehensive:0.008806,demand:0.008649,policies:0.008622,link:0.007991,types:0.007816,massive:0.00775,demonstrate:0.007577,activities:0.007541,enhancing:0.00728,embedded:0.007249,storage:0.006923,interactive:0.006756,law:0.006755,order:0.00667,museum:0.006313,progress:0.006186,dissemination:0.006121,agencies:0.005834,stages:0.005829,involvement:0.005513,industries:0.005184,value:0.004856,task:0.004707,organized:0.004694,coordination:0.00467,adoption:0.00449,gravity:0.004192,based:0.004147,organizational:0.004065,curricula:0.003945,act:0.003913,usage:0.003907,panel:0.003558,aid:0.003404,chains:0.003347,base:0.003327,impact:0.003265,exploration:0.003124,later:0.003038,selection:0.003025,planning:0.002753,algae:0.002468,root:0.002449,middle:0.002443,chain:0.002403,clustering:0.002379,decade:0.002312,programs:0.002214,partitioning:0.002148,utilizing:0.002144,arbitrary:0.002099,sector:0.002064,scale:0.002056,productivity:0.002047,associations:0.002046,gold:0.002005,micro:0.001996,technical:0.001996,processor:0.001983,mercury:0.001952,source:0.001858,operational:0.001791,enforcement:0.001788,vertebrate:0.001779,integral:0.001592,improvement:0.001517,pennsylvania:0.001434,innovations:0.001293,symbiotic:0.001245,selected:0.001223,case:0.00118,sexual:0.00112,budgets:0.001086,governing:0.001066,latitude:0.000994,experiment:0.000968,ionosphere:0.000962,criteria:0.000881,nutrition:0.000823,titanium:0.000801,philadelphia:0.000784,employing:0.000777,valleys:0.000774,phosphate:0.000771,responsibility:0.000763,beetles:0.000666,egg:0.000622,maintenance:0.000574,auroral:0.000538,scatter:0.000532,northwest:0.000531,mucus:0.000497,correcting:0.000466,selenium:0.000459,chalcogenide:0.000443,copepod:0.000395,transfer:0.000395,feasibility:0.000367,cordillera:0.000334,incoherent:0.000331,electronic:0.000328,nucleotides:0.000307,endocytosis:0.000297,simultaneous:0.000295,preschool:0.00028,multilateral:0.000267,multiplier:0.000232,accident:0.00023,environment:0.000224,technological:0.000216,metazoan:0.000188,hemoglobin:0.000167,evaporative:0.000155,zoology:0.000124,pasture:0.000122,buying:0.000114,tellurium:0.000112,zambia:9e-05,soviet:8.4e-05,electrolytic:6.1e-05,zirconia:4.9e-05,fortran:3.6e-05,blackbirds:1e-06
